This is pdfTeX, Version 3.141592653-2.6-1.40.27 (TeX Live 2025) (preloaded format=pdflatex 2025.3.8)  25 SEP 2025 16:03
entering extended mode
 restricted \write18 enabled.
 file:line:error style messages enabled.
 %&-line parsing enabled.
**mth150-spring2024-course-pack-DELETE-WHEN-IMPORTED.tex
(./mth150-spring2024-course-pack-DELETE-WHEN-IMPORTED.tex
LaTeX2e <2024-11-01> patch level 2
L3 programming layer <2025-01-18>
(/usr/local/texlive/2025/texmf-dist/tex/latex/tufte-latex/tufte-handout.cls
Document Class: tufte-handout 2015/06/21 v3.5.2 Tufte-handout class
(/usr/local/texlive/2025/texmf-dist/tex/latex/tufte-latex/tufte-common.def
File: tufte-common.def 2015/06/21 v3.5.2 Common code for the Tufte-LaTeX styles


(/usr/local/texlive/2025/texmf-dist/tex/latex/xkeyval/xkeyval.sty
Package: xkeyval 2022/06/16 v2.9 package option processing (HA)

(/usr/local/texlive/2025/texmf-dist/tex/generic/xkeyval/xkeyval.tex
(/usr/local/texlive/2025/texmf-dist/tex/generic/xkeyval/xkvutils.tex
\XKV@toks=\toks17
\XKV@tempa@toks=\toks18

(/usr/local/texlive/2025/texmf-dist/tex/generic/xkeyval/keyval.tex))
\XKV@depth=\count196
File: xkeyval.tex 2014/12/03 v2.7a key=value parser (HA)
))
(/usr/local/texlive/2025/texmf-dist/tex/latex/xifthen/xifthen.sty
Package: xifthen 2015/11/05 v1.4.0 Extended ifthen features

(/usr/local/texlive/2025/texmf-dist/tex/latex/tools/calc.sty
Package: calc 2023/07/08 v4.3 Infix arithmetic (KKT,FJ)
\calc@Acount=\count197
\calc@Bcount=\count198
\calc@Adimen=\dimen141
\calc@Bdimen=\dimen142
\calc@Askip=\skip49
\calc@Bskip=\skip50
LaTeX Info: Redefining \setlength on input line 80.
LaTeX Info: Redefining \addtolength on input line 81.
\calc@Ccount=\count199
\calc@Cskip=\skip51
)
(/usr/local/texlive/2025/texmf-dist/tex/latex/base/ifthen.sty
Package: ifthen 2024/03/16 v1.1e Standard LaTeX ifthen package (DPC)
)
(/usr/local/texlive/2025/texmf-dist/tex/latex/ifmtarg/ifmtarg.sty
Package: ifmtarg 2018/04/16 v1.2b check for an empty argument
))
(/usr/local/texlive/2025/texmf-dist/tex/latex/hardwrap/hardwrap.sty
Package: hardwrap 2011/02/12 v0.2 Hard wrap messages

(/usr/local/texlive/2025/texmf-dist/tex/latex/ifplatform/ifplatform.sty
Package: ifplatform 2017/10/13 v0.4a Testing for the operating system

(/usr/local/texlive/2025/texmf-dist/tex/latex/tools/shellesc.sty
Package: shellesc 2023/07/08 v1.0d unified shell escape interface for LaTeX
Package shellesc Info: Restricted shell escape enabled on input line 77.
)
(/usr/local/texlive/2025/texmf-dist/tex/generic/pdftexcmds/pdftexcmds.sty
Package: pdftexcmds 2020-06-27 v0.33 Utility functions of pdfTeX for LuaTeX (HO
)

(/usr/local/texlive/2025/texmf-dist/tex/generic/infwarerr/infwarerr.sty
Package: infwarerr 2019/12/03 v1.5 Providing info/warning/error messages (HO)
)
(/usr/local/texlive/2025/texmf-dist/tex/generic/iftex/iftex.sty
Package: iftex 2024/12/12 v1.0g TeX engine tests
)
(/usr/local/texlive/2025/texmf-dist/tex/generic/ltxcmds/ltxcmds.sty
Package: ltxcmds 2023-12-04 v1.26 LaTeX kernel commands for general use (HO)
)
Package pdftexcmds Info: \pdf@primitive is available.
Package pdftexcmds Info: \pdf@ifprimitive is available.
Package pdftexcmds Info: \pdfdraftmode found.
)
(/usr/local/texlive/2025/texmf-dist/tex/generic/catchfile/catchfile.sty
Package: catchfile 2019/12/09 v1.8 Catch the contents of a file (HO)

(/usr/local/texlive/2025/texmf-dist/tex/generic/etexcmds/etexcmds.sty
Package: etexcmds 2019/12/15 v1.7 Avoid name clashes with e-TeX commands (HO)
))
(/usr/local/texlive/2025/texmf-dist/tex/generic/iftex/ifluatex.sty
Package: ifluatex 2019/10/25 v1.5 ifluatex legacy package. Use iftex instead.
)

Package ifplatform Warning: 
    shell escape is disabled, so I can only detect \ifwindows.

) (/usr/local/texlive/2025/texmf-dist/tex/generic/iftex/ifxetex.sty
Package: ifxetex 2019/10/25 v0.7 ifxetex legacy package. Use iftex instead.
)
\hw@charcount=\count266
\hw@wordcount=\count267
\hw@maxprintline=\count268

(|kpsewhich -var-value=max_print_line))
Class tufte-handout Info: Passing the `twoside' option to the `article' class
Class tufte-handout Info: Loading the base class `article'

(/usr/local/texlive/2025/texmf-dist/tex/latex/base/article.cls
Document Class: article 2024/06/29 v1.4n Standard LaTeX document class
(/usr/local/texlive/2025/texmf-dist/tex/latex/base/size10.clo
File: size10.clo 2024/06/29 v1.4n Standard LaTeX file (size option)
)
\c@part=\count269
\c@section=\count270
\c@subsection=\count271
\c@subsubsection=\count272
\c@paragraph=\count273
\c@subparagraph=\count274
\c@figure=\count275
\c@table=\count276
\abovecaptionskip=\skip52
\belowcaptionskip=\skip53
\bibindent=\dimen143
)
(/usr/local/texlive/2025/texmf-dist/tex/generic/iftex/ifpdf.sty
Package: ifpdf 2019/10/25 v3.4 ifpdf legacy package. Use iftex instead.
)
(/usr/local/texlive/2025/texmf-dist/tex/latex/titlesec/titlesec.sty
Package: titlesec 2025/01/04 v2.17 Sectioning titles
\ttl@box=\box52
\beforetitleunit=\skip54
\aftertitleunit=\skip55
\ttl@plus=\dimen144
\ttl@minus=\dimen145
\ttl@toksa=\toks19
\titlewidth=\dimen146
\titlewidthlast=\dimen147
\titlewidthfirst=\dimen148
)
(/usr/local/texlive/2025/texmf-dist/tex/latex/titlesec/titletoc.sty
Package: titletoc 2025/01/04 v2.17 TOC entries
\ttl@leftsep=\dimen149
)
(/usr/local/texlive/2025/texmf-dist/tex/latex/hyperref/hyperref.sty
Package: hyperref 2024-11-05 v7.01l Hypertext links for LaTeX

(/usr/local/texlive/2025/texmf-dist/tex/latex/kvsetkeys/kvsetkeys.sty
Package: kvsetkeys 2022-10-05 v1.19 Key value parser (HO)
)
(/usr/local/texlive/2025/texmf-dist/tex/generic/kvdefinekeys/kvdefinekeys.sty
Package: kvdefinekeys 2019-12-19 v1.6 Define keys (HO)
)
(/usr/local/texlive/2025/texmf-dist/tex/generic/pdfescape/pdfescape.sty
Package: pdfescape 2019/12/09 v1.15 Implements pdfTeX's escape features (HO)
)
(/usr/local/texlive/2025/texmf-dist/tex/latex/hycolor/hycolor.sty
Package: hycolor 2020-01-27 v1.10 Color options for hyperref/bookmark (HO)
)
(/usr/local/texlive/2025/texmf-dist/tex/latex/hyperref/nameref.sty
Package: nameref 2023-11-26 v2.56 Cross-referencing by name of section

(/usr/local/texlive/2025/texmf-dist/tex/latex/refcount/refcount.sty
Package: refcount 2019/12/15 v3.6 Data extraction from label references (HO)
)
(/usr/local/texlive/2025/texmf-dist/tex/generic/gettitlestring/gettitlestring.s
ty
Package: gettitlestring 2019/12/15 v1.6 Cleanup title references (HO)
 (/usr/local/texlive/2025/texmf-dist/tex/latex/kvoptions/kvoptions.sty
Package: kvoptions 2022-06-15 v3.15 Key value format for package options (HO)
))
\c@section@level=\count277
)
(/usr/local/texlive/2025/texmf-dist/tex/latex/etoolbox/etoolbox.sty
Package: etoolbox 2025/02/11 v2.5l e-TeX tools for LaTeX (JAW)
\etb@tempcnta=\count278
)
(/usr/local/texlive/2025/texmf-dist/tex/generic/stringenc/stringenc.sty
Package: stringenc 2019/11/29 v1.12 Convert strings between diff. encodings (HO
)
)
\@linkdim=\dimen150
\Hy@linkcounter=\count279
\Hy@pagecounter=\count280

(/usr/local/texlive/2025/texmf-dist/tex/latex/hyperref/pd1enc.def
File: pd1enc.def 2024-11-05 v7.01l Hyperref: PDFDocEncoding definition (HO)
Now handling font encoding PD1 ...
... no UTF-8 mapping file for font encoding PD1
)
(/usr/local/texlive/2025/texmf-dist/tex/generic/intcalc/intcalc.sty
Package: intcalc 2019/12/15 v1.3 Expandable calculations with integers (HO)
)
\Hy@SavedSpaceFactor=\count281

(/usr/local/texlive/2025/texmf-dist/tex/latex/hyperref/puenc.def
File: puenc.def 2024-11-05 v7.01l Hyperref: PDF Unicode definition (HO)
Now handling font encoding PU ...
... no UTF-8 mapping file for font encoding PU
)
Package hyperref Info: Option `unicode' set `true' on input line 4040.
Package hyperref Info: Option `hyperfootnotes' set `false' on input line 4040.
Package hyperref Info: Hyper figures OFF on input line 4157.
Package hyperref Info: Link nesting OFF on input line 4162.
Package hyperref Info: Hyper index ON on input line 4165.
Package hyperref Info: Plain pages OFF on input line 4172.
Package hyperref Info: Backreferencing OFF on input line 4177.
Package hyperref Info: Implicit mode ON; LaTeX internals redefined.
Package hyperref Info: Bookmarks ON on input line 4424.
\c@Hy@tempcnt=\count282

(/usr/local/texlive/2025/texmf-dist/tex/latex/url/url.sty
\Urlmuskip=\muskip17
Package: url 2013/09/16  ver 3.4  Verb mode for urls, etc.
)
LaTeX Info: Redefining \url on input line 4763.
\XeTeXLinkMargin=\dimen151

(/usr/local/texlive/2025/texmf-dist/tex/generic/bitset/bitset.sty
Package: bitset 2019/12/09 v1.3 Handle bit-vector datatype (HO)

(/usr/local/texlive/2025/texmf-dist/tex/generic/bigintcalc/bigintcalc.sty
Package: bigintcalc 2019/12/15 v1.5 Expandable calculations on big integers (HO
)
))
\Fld@menulength=\count283
\Field@Width=\dimen152
\Fld@charsize=\dimen153
Package hyperref Info: Hyper figures OFF on input line 6042.
Package hyperref Info: Link nesting OFF on input line 6047.
Package hyperref Info: Hyper index ON on input line 6050.
Package hyperref Info: backreferencing OFF on input line 6057.
Package hyperref Info: Link coloring OFF on input line 6062.
Package hyperref Info: Link coloring with OCG OFF on input line 6067.
Package hyperref Info: PDF/A mode OFF on input line 6072.

(/usr/local/texlive/2025/texmf-dist/tex/latex/base/atbegshi-ltx.sty
Package: atbegshi-ltx 2021/01/10 v1.0c Emulation of the original atbegshi
package with kernel methods
)
\Hy@abspage=\count284
\c@Item=\count285
)
Package hyperref Info: Driver (autodetected): hpdftex.

(/usr/local/texlive/2025/texmf-dist/tex/latex/hyperref/hpdftex.def
File: hpdftex.def 2024-11-05 v7.01l Hyperref driver for pdfTeX

(/usr/local/texlive/2025/texmf-dist/tex/latex/base/atveryend-ltx.sty
Package: atveryend-ltx 2020/08/19 v1.0a Emulation of the original atveryend pac
kage
with kernel methods
)
\Fld@listcount=\count286
\c@bookmark@seq@number=\count287

(/usr/local/texlive/2025/texmf-dist/tex/latex/rerunfilecheck/rerunfilecheck.sty
Package: rerunfilecheck 2022-07-10 v1.10 Rerun checks for auxiliary files (HO)

(/usr/local/texlive/2025/texmf-dist/tex/generic/uniquecounter/uniquecounter.sty
Package: uniquecounter 2019/12/15 v1.4 Provide unlimited unique counter (HO)
)
Package uniquecounter Info: New unique counter `rerunfilecheck' on input line 2
85.
)
\Hy@SectionHShift=\skip56
) (/usr/local/texlive/2025/texmf-dist/tex/latex/ragged2e/ragged2e.sty
Package: ragged2e 2023/06/22 v3.6 ragged2e Package
\CenteringLeftskip=\skip57
\RaggedLeftLeftskip=\skip58
\RaggedRightLeftskip=\skip59
\CenteringRightskip=\skip60
\RaggedLeftRightskip=\skip61
\RaggedRightRightskip=\skip62
\CenteringParfillskip=\skip63
\RaggedLeftParfillskip=\skip64
\RaggedRightParfillskip=\skip65
\JustifyingParfillskip=\skip66
\CenteringParindent=\skip67
\RaggedLeftParindent=\skip68
\RaggedRightParindent=\skip69
\JustifyingParindent=\skip70
)
(/usr/local/texlive/2025/texmf-dist/tex/latex/geometry/geometry.sty
Package: geometry 2020/01/02 v5.9 Page Geometry

(/usr/local/texlive/2025/texmf-dist/tex/generic/iftex/ifvtex.sty
Package: ifvtex 2019/10/25 v1.7 ifvtex legacy package. Use iftex instead.
)
\Gm@cnth=\count288
\Gm@cntv=\count289
\c@Gm@tempcnt=\count290
\Gm@bindingoffset=\dimen154
\Gm@wd@mp=\dimen155
\Gm@odd@mp=\dimen156
\Gm@even@mp=\dimen157
\Gm@layoutwidth=\dimen158
\Gm@layoutheight=\dimen159
\Gm@layouthoffset=\dimen160
\Gm@layoutvoffset=\dimen161
\Gm@dimlist=\toks20
)
(/usr/local/texlive/2025/texmf-dist/tex/latex/changepage/changepage.sty
Package: changepage 2009/10/20 v1.0c check page and change page layout
\c@cp@cntr=\count291
\cp@tempcnt=\count292
)
\@tufte@overhang=\skip71
\@tufte@fullwidth=\skip72
\@tufte@caption@fill=\skip73

(/usr/local/texlive/2025/texmf-dist/tex/latex/paralist/paralist.sty
Package: paralist 2017/01/22 v2.7 Extended list environments
\pltopsep=\skip74
\plpartopsep=\skip75
\plitemsep=\skip76
\plparsep=\skip77
\pl@lab=\toks21
)
(/usr/local/texlive/2025/texmf-dist/tex/latex/textcase/textcase.sty
Package: textcase 2025/02/16 v1.05 Text only upper/lower case changing (DPC)
Package textcase Info: Defining Legacy names on input line 20.
)
(/usr/local/texlive/2025/texmf-dist/tex/latex/microtype/letterspace.sty
Package: letterspace 2025/02/11 v3.2a Robust letterspacing (RS)
LaTeX Info: Redefining \lsstyle on input line 343.
LaTeX Info: Redefining \lslig on input line 344.
LaTeX Info: Redefining \textls on input line 372.
\MT@outer@kern=\dimen162
)
(/usr/local/texlive/2025/texmf-dist/tex/latex/setspace/setspace.sty
Package: setspace 2022/12/04 v6.7b set line spacing
)
(/usr/local/texlive/2025/texmf-dist/tex/latex/xcolor/xcolor.sty
Package: xcolor 2024/09/29 v3.02 LaTeX color extensions (UK)

(/usr/local/texlive/2025/texmf-dist/tex/latex/graphics-cfg/color.cfg
File: color.cfg 2016/01/02 v1.6 sample color configuration
)

Package xcolor Warning: Package option `usenames' is obsolete and ignored on in
put line 265.

Package xcolor Info: Driver file: pdftex.def on input line 274.
(/usr/local/texlive/2025/texmf-dist/tex/latex/graphics-def/pdftex.def
File: pdftex.def 2024/04/13 v1.2c Graphics/color driver for pdftex
)
(/usr/local/texlive/2025/texmf-dist/tex/latex/graphics/mathcolor.ltx)
Package xcolor Info: Model `cmy' substituted by `cmy0' on input line 1349.
Package xcolor Info: Model `hsb' substituted by `rgb' on input line 1353.
Package xcolor Info: Model `RGB' extended on input line 1365.
Package xcolor Info: Model `HTML' substituted by `rgb' on input line 1367.
Package xcolor Info: Model `Hsb' substituted by `hsb' on input line 1368.
Package xcolor Info: Model `tHsb' substituted by `hsb' on input line 1369.
Package xcolor Info: Model `HSB' substituted by `hsb' on input line 1370.
Package xcolor Info: Model `Gray' substituted by `gray' on input line 1371.
Package xcolor Info: Model `wave' substituted by `hsb' on input line 1372.
)
(/usr/local/texlive/2025/texmf-dist/tex/latex/graphics/dvipsnam.def
File: dvipsnam.def 2016/06/17 v3.0m Driver-dependent file (DPC,SPQR)
)
(/usr/local/texlive/2025/texmf-dist/tex/latex/xcolor/svgnam.def
File: svgnam.def 2024/09/29 v3.02 Predefined colors according to SVG 1.1 (UK)
)
(/usr/local/texlive/2025/texmf-dist/tex/latex/natbib/natbib.sty
Package: natbib 2010/09/13 8.31b (PWD, AO)
\bibhang=\skip78
\bibsep=\skip79
LaTeX Info: Redefining \cite on input line 694.
\c@NAT@ctr=\count293
)
(/usr/local/texlive/2025/texmf-dist/tex/latex/natbib/bibentry.sty
Package: bibentry 2007/10/30 1.5 (PWD)
)
No file mth150-spring2024-course-pack-DELETE-WHEN-IMPORTED.bbl.
\c@@tufte@num@bibkeys=\count294
(/usr/local/texlive/2025/texmf-dist/tex/latex/sauerj/optparams.sty
Package: optparams 2004/08/14 v0.9 multiple optional parameters in macros
)
\@tufte@sidenote@vertical@offset=\skip80

(/usr/local/texlive/2025/texmf-dist/tex/latex/placeins/placeins.sty
Package: placeins 2005/04/18  v 2.2
)
\@tufte@margin@floatbox=\box53
\@tufte@figure@box=\box54
\@tufte@caption@box=\box55
\@tufte@caption@vertical@offset=\skip81
\@tufte@float@contents@width=\skip82

(/usr/local/texlive/2025/texmf-dist/tex/latex/psnfss/mathpazo.sty
Package: mathpazo 2020/03/25 PSNFSS-v9.3 Palatino w/ Pazo Math (D.Puga, WaS) 
\symupright=\mathgroup4
)
(/usr/local/texlive/2025/texmf-dist/tex/latex/psnfss/helvet.sty
Package: helvet 2020/03/25 PSNFSS-v9.3 (WaS) 
)
(/usr/local/texlive/2025/texmf-dist/tex/latex/bera/beramono.sty
Package: beramono 2004/01/31 (WaS)
)
(/usr/local/texlive/2025/texmf-dist/tex/latex/base/fontenc.sty
Package: fontenc 2021/04/29 v2.0v Standard LaTeX package
LaTeX Font Info:    Trying to load font information for T1+pplj on input line 1
16.

(/usr/local/texlive/2025/texmf-dist/tex/latex/psnfss/t1pplj.fd
File: t1pplj.fd 2004/09/06 font definitions for T1/pplj.
))
(/usr/local/texlive/2025/texmf-dist/tex/latex/base/textcomp.sty
Package: textcomp 2024/04/24 v2.1b Standard LaTeX package
)
(/usr/local/texlive/2025/texmf-dist/tex/latex/fancyhdr/fancyhdr.sty
Package: fancyhdr 2025/02/07 v5.2 Extensive control of page headers and footers

\f@nch@headwidth=\skip83
\f@nch@offset@elh=\skip84
\f@nch@offset@erh=\skip85
\f@nch@offset@olh=\skip86
\f@nch@offset@orh=\skip87
\f@nch@offset@elf=\skip88
\f@nch@offset@erf=\skip89
\f@nch@offset@olf=\skip90
\f@nch@offset@orf=\skip91
\f@nch@height=\skip92
\f@nch@footalignment=\skip93
\f@nch@widthL=\skip94
\f@nch@widthC=\skip95
\f@nch@widthR=\skip96
\@temptokenb=\toks22
)
\tufteskipamount=\skip97

(/usr/local/texlive/2025/texmf-dist/tex/latex/tools/multicol.sty
Package: multicol 2024/09/14 v1.9i multicolumn formatting (FMi)
\c@tracingmulticols=\count295
\mult@box=\box56
\multicol@leftmargin=\dimen163
\c@unbalance=\count296
\c@collectmore=\count297
\doublecol@number=\count298
\multicoltolerance=\count299
\multicolpretolerance=\count300
\full@width=\dimen164
\page@free=\dimen165
\premulticols=\dimen166
\postmulticols=\dimen167
\multicolsep=\skip98
\multicolbaselineskip=\skip99
\partial@page=\box57
\last@line=\box58
\mc@boxedresult=\box59
\maxbalancingoverflow=\dimen168
\mult@rightbox=\box60
\mult@grightbox=\box61
\mult@firstbox=\box62
\mult@gfirstbox=\box63
\@tempa=\box64
\@tempa=\box65
\@tempa=\box66
\@tempa=\box67
\@tempa=\box68
\@tempa=\box69
\@tempa=\box70
\@tempa=\box71
\@tempa=\box72
\@tempa=\box73
\@tempa=\box74
\@tempa=\box75
\@tempa=\box76
\@tempa=\box77
\@tempa=\box78
\@tempa=\box79
\@tempa=\box80
\@tempa=\box81
\@tempa=\box82
\@tempa=\box83
\@tempa=\box84
\@tempa=\box85
\@tempa=\box86
\@tempa=\box87
\@tempa=\box88
\@tempa=\box89
\@tempa=\box90
\@tempa=\box91
\@tempa=\box92
\@tempa=\box93
\@tempa=\box94
\@tempa=\box95
\@tempa=\box96
\@tempa=\box97
\@tempa=\box98
\@tempa=\box99
\c@minrows=\count301
\c@columnbadness=\count302
\c@finalcolumnbadness=\count303
\last@try=\dimen169
\multicolovershoot=\dimen170
\multicolundershoot=\dimen171
\mult@nat@firstbox=\box100
\colbreak@box=\box101
\mc@col@check@num=\count304
)))
(./MTH150.sty
(/usr/local/texlive/2025/texmf-dist/tex/latex/pgf/frontendlayer/tikz.sty
(/usr/local/texlive/2025/texmf-dist/tex/latex/pgf/basiclayer/pgf.sty
(/usr/local/texlive/2025/texmf-dist/tex/latex/pgf/utilities/pgfrcs.sty
(/usr/local/texlive/2025/texmf-dist/tex/generic/pgf/utilities/pgfutil-common.te
x
\pgfutil@everybye=\toks23
\pgfutil@tempdima=\dimen172
\pgfutil@tempdimb=\dimen173
)
(/usr/local/texlive/2025/texmf-dist/tex/generic/pgf/utilities/pgfutil-latex.def
\pgfutil@abb=\box102
) (/usr/local/texlive/2025/texmf-dist/tex/generic/pgf/utilities/pgfrcs.code.tex
(/usr/local/texlive/2025/texmf-dist/tex/generic/pgf/pgf.revision.tex)
Package: pgfrcs 2023-01-15 v3.1.10 (3.1.10)
))
Package: pgf 2023-01-15 v3.1.10 (3.1.10)

(/usr/local/texlive/2025/texmf-dist/tex/latex/pgf/basiclayer/pgfcore.sty
(/usr/local/texlive/2025/texmf-dist/tex/latex/graphics/graphicx.sty
Package: graphicx 2021/09/16 v1.2d Enhanced LaTeX Graphics (DPC,SPQR)

(/usr/local/texlive/2025/texmf-dist/tex/latex/graphics/graphics.sty
Package: graphics 2024/08/06 v1.4g Standard LaTeX Graphics (DPC,SPQR)

(/usr/local/texlive/2025/texmf-dist/tex/latex/graphics/trig.sty
Package: trig 2023/12/02 v1.11 sin cos tan (DPC)
)
(/usr/local/texlive/2025/texmf-dist/tex/latex/graphics-cfg/graphics.cfg
File: graphics.cfg 2016/06/04 v1.11 sample graphics configuration
)
Package graphics Info: Driver file: pdftex.def on input line 106.
)
\Gin@req@height=\dimen174
\Gin@req@width=\dimen175
)
(/usr/local/texlive/2025/texmf-dist/tex/latex/pgf/systemlayer/pgfsys.sty
(/usr/local/texlive/2025/texmf-dist/tex/generic/pgf/systemlayer/pgfsys.code.tex
Package: pgfsys 2023-01-15 v3.1.10 (3.1.10)
(/usr/local/texlive/2025/texmf-dist/tex/generic/pgf/utilities/pgfkeys.code.tex
\pgfkeys@pathtoks=\toks24
\pgfkeys@temptoks=\toks25

(/usr/local/texlive/2025/texmf-dist/tex/generic/pgf/utilities/pgfkeyslibraryfil
tered.code.tex
\pgfkeys@tmptoks=\toks26
))
\pgf@x=\dimen176
\pgf@y=\dimen177
\pgf@xa=\dimen178
\pgf@ya=\dimen179
\pgf@xb=\dimen180
\pgf@yb=\dimen181
\pgf@xc=\dimen182
\pgf@yc=\dimen183
\pgf@xd=\dimen184
\pgf@yd=\dimen185
\w@pgf@writea=\write3
\r@pgf@reada=\read2
\c@pgf@counta=\count305
\c@pgf@countb=\count306
\c@pgf@countc=\count307
\c@pgf@countd=\count308
\t@pgf@toka=\toks27
\t@pgf@tokb=\toks28
\t@pgf@tokc=\toks29
\pgf@sys@id@count=\count309

(/usr/local/texlive/2025/texmf-dist/tex/generic/pgf/systemlayer/pgf.cfg
File: pgf.cfg 2023-01-15 v3.1.10 (3.1.10)
)
Driver file for pgf: pgfsys-pdftex.def

(/usr/local/texlive/2025/texmf-dist/tex/generic/pgf/systemlayer/pgfsys-pdftex.d
ef
File: pgfsys-pdftex.def 2023-01-15 v3.1.10 (3.1.10)

(/usr/local/texlive/2025/texmf-dist/tex/generic/pgf/systemlayer/pgfsys-common-p
df.def
File: pgfsys-common-pdf.def 2023-01-15 v3.1.10 (3.1.10)
)))
(/usr/local/texlive/2025/texmf-dist/tex/generic/pgf/systemlayer/pgfsyssoftpath.
code.tex
File: pgfsyssoftpath.code.tex 2023-01-15 v3.1.10 (3.1.10)
\pgfsyssoftpath@smallbuffer@items=\count310
\pgfsyssoftpath@bigbuffer@items=\count311
)
(/usr/local/texlive/2025/texmf-dist/tex/generic/pgf/systemlayer/pgfsysprotocol.
code.tex
File: pgfsysprotocol.code.tex 2023-01-15 v3.1.10 (3.1.10)
))
(/usr/local/texlive/2025/texmf-dist/tex/generic/pgf/basiclayer/pgfcore.code.tex
Package: pgfcore 2023-01-15 v3.1.10 (3.1.10)
(/usr/local/texlive/2025/texmf-dist/tex/generic/pgf/math/pgfmath.code.tex
(/usr/local/texlive/2025/texmf-dist/tex/generic/pgf/math/pgfmathutil.code.tex)
(/usr/local/texlive/2025/texmf-dist/tex/generic/pgf/math/pgfmathparser.code.tex
\pgfmath@dimen=\dimen186
\pgfmath@count=\count312
\pgfmath@box=\box103
\pgfmath@toks=\toks30
\pgfmath@stack@operand=\toks31
\pgfmath@stack@operation=\toks32
)
(/usr/local/texlive/2025/texmf-dist/tex/generic/pgf/math/pgfmathfunctions.code.
tex)
(/usr/local/texlive/2025/texmf-dist/tex/generic/pgf/math/pgfmathfunctions.basic
.code.tex)
(/usr/local/texlive/2025/texmf-dist/tex/generic/pgf/math/pgfmathfunctions.trigo
nometric.code.tex)
(/usr/local/texlive/2025/texmf-dist/tex/generic/pgf/math/pgfmathfunctions.rando
m.code.tex)
(/usr/local/texlive/2025/texmf-dist/tex/generic/pgf/math/pgfmathfunctions.compa
rison.code.tex)
(/usr/local/texlive/2025/texmf-dist/tex/generic/pgf/math/pgfmathfunctions.base.
code.tex)
(/usr/local/texlive/2025/texmf-dist/tex/generic/pgf/math/pgfmathfunctions.round
.code.tex)
(/usr/local/texlive/2025/texmf-dist/tex/generic/pgf/math/pgfmathfunctions.misc.
code.tex)
(/usr/local/texlive/2025/texmf-dist/tex/generic/pgf/math/pgfmathfunctions.integ
erarithmetics.code.tex)
(/usr/local/texlive/2025/texmf-dist/tex/generic/pgf/math/pgfmathcalc.code.tex)
(/usr/local/texlive/2025/texmf-dist/tex/generic/pgf/math/pgfmathfloat.code.tex
\c@pgfmathroundto@lastzeros=\count313
)) (/usr/local/texlive/2025/texmf-dist/tex/generic/pgf/math/pgfint.code.tex)
(/usr/local/texlive/2025/texmf-dist/tex/generic/pgf/basiclayer/pgfcorepoints.co
de.tex
File: pgfcorepoints.code.tex 2023-01-15 v3.1.10 (3.1.10)
\pgf@picminx=\dimen187
\pgf@picmaxx=\dimen188
\pgf@picminy=\dimen189
\pgf@picmaxy=\dimen190
\pgf@pathminx=\dimen191
\pgf@pathmaxx=\dimen192
\pgf@pathminy=\dimen193
\pgf@pathmaxy=\dimen194
\pgf@xx=\dimen195
\pgf@xy=\dimen196
\pgf@yx=\dimen197
\pgf@yy=\dimen198
\pgf@zx=\dimen199
\pgf@zy=\dimen256
)
(/usr/local/texlive/2025/texmf-dist/tex/generic/pgf/basiclayer/pgfcorepathconst
ruct.code.tex
File: pgfcorepathconstruct.code.tex 2023-01-15 v3.1.10 (3.1.10)
\pgf@path@lastx=\dimen257
\pgf@path@lasty=\dimen258
)
(/usr/local/texlive/2025/texmf-dist/tex/generic/pgf/basiclayer/pgfcorepathusage
.code.tex
File: pgfcorepathusage.code.tex 2023-01-15 v3.1.10 (3.1.10)
\pgf@shorten@end@additional=\dimen259
\pgf@shorten@start@additional=\dimen260
)
(/usr/local/texlive/2025/texmf-dist/tex/generic/pgf/basiclayer/pgfcorescopes.co
de.tex
File: pgfcorescopes.code.tex 2023-01-15 v3.1.10 (3.1.10)
\pgfpic=\box104
\pgf@hbox=\box105
\pgf@layerbox@main=\box106
\pgf@picture@serial@count=\count314
)
(/usr/local/texlive/2025/texmf-dist/tex/generic/pgf/basiclayer/pgfcoregraphicst
ate.code.tex
File: pgfcoregraphicstate.code.tex 2023-01-15 v3.1.10 (3.1.10)
\pgflinewidth=\dimen261
)
(/usr/local/texlive/2025/texmf-dist/tex/generic/pgf/basiclayer/pgfcoretransform
ations.code.tex
File: pgfcoretransformations.code.tex 2023-01-15 v3.1.10 (3.1.10)
\pgf@pt@x=\dimen262
\pgf@pt@y=\dimen263
\pgf@pt@temp=\dimen264
)
(/usr/local/texlive/2025/texmf-dist/tex/generic/pgf/basiclayer/pgfcorequick.cod
e.tex
File: pgfcorequick.code.tex 2023-01-15 v3.1.10 (3.1.10)
)
(/usr/local/texlive/2025/texmf-dist/tex/generic/pgf/basiclayer/pgfcoreobjects.c
ode.tex
File: pgfcoreobjects.code.tex 2023-01-15 v3.1.10 (3.1.10)
)
(/usr/local/texlive/2025/texmf-dist/tex/generic/pgf/basiclayer/pgfcorepathproce
ssing.code.tex
File: pgfcorepathprocessing.code.tex 2023-01-15 v3.1.10 (3.1.10)
)
(/usr/local/texlive/2025/texmf-dist/tex/generic/pgf/basiclayer/pgfcorearrows.co
de.tex
File: pgfcorearrows.code.tex 2023-01-15 v3.1.10 (3.1.10)
\pgfarrowsep=\dimen265
)
(/usr/local/texlive/2025/texmf-dist/tex/generic/pgf/basiclayer/pgfcoreshade.cod
e.tex
File: pgfcoreshade.code.tex 2023-01-15 v3.1.10 (3.1.10)
\pgf@max=\dimen266
\pgf@sys@shading@range@num=\count315
\pgf@shadingcount=\count316
)
(/usr/local/texlive/2025/texmf-dist/tex/generic/pgf/basiclayer/pgfcoreimage.cod
e.tex
File: pgfcoreimage.code.tex 2023-01-15 v3.1.10 (3.1.10)
)
(/usr/local/texlive/2025/texmf-dist/tex/generic/pgf/basiclayer/pgfcoreexternal.
code.tex
File: pgfcoreexternal.code.tex 2023-01-15 v3.1.10 (3.1.10)
\pgfexternal@startupbox=\box107
)
(/usr/local/texlive/2025/texmf-dist/tex/generic/pgf/basiclayer/pgfcorelayers.co
de.tex
File: pgfcorelayers.code.tex 2023-01-15 v3.1.10 (3.1.10)
)
(/usr/local/texlive/2025/texmf-dist/tex/generic/pgf/basiclayer/pgfcoretranspare
ncy.code.tex
File: pgfcoretransparency.code.tex 2023-01-15 v3.1.10 (3.1.10)
)
(/usr/local/texlive/2025/texmf-dist/tex/generic/pgf/basiclayer/pgfcorepatterns.
code.tex
File: pgfcorepatterns.code.tex 2023-01-15 v3.1.10 (3.1.10)
)
(/usr/local/texlive/2025/texmf-dist/tex/generic/pgf/basiclayer/pgfcorerdf.code.
tex
File: pgfcorerdf.code.tex 2023-01-15 v3.1.10 (3.1.10)
)))
(/usr/local/texlive/2025/texmf-dist/tex/generic/pgf/modules/pgfmoduleshapes.cod
e.tex
File: pgfmoduleshapes.code.tex 2023-01-15 v3.1.10 (3.1.10)
\pgfnodeparttextbox=\box108
)
(/usr/local/texlive/2025/texmf-dist/tex/generic/pgf/modules/pgfmoduleplot.code.
tex
File: pgfmoduleplot.code.tex 2023-01-15 v3.1.10 (3.1.10)
)
(/usr/local/texlive/2025/texmf-dist/tex/latex/pgf/compatibility/pgfcomp-version
-0-65.sty
Package: pgfcomp-version-0-65 2023-01-15 v3.1.10 (3.1.10)
\pgf@nodesepstart=\dimen267
\pgf@nodesepend=\dimen268
)
(/usr/local/texlive/2025/texmf-dist/tex/latex/pgf/compatibility/pgfcomp-version
-1-18.sty
Package: pgfcomp-version-1-18 2023-01-15 v3.1.10 (3.1.10)
))
(/usr/local/texlive/2025/texmf-dist/tex/latex/pgf/utilities/pgffor.sty
(/usr/local/texlive/2025/texmf-dist/tex/latex/pgf/utilities/pgfkeys.sty
(/usr/local/texlive/2025/texmf-dist/tex/generic/pgf/utilities/pgfkeys.code.tex)
) (/usr/local/texlive/2025/texmf-dist/tex/latex/pgf/math/pgfmath.sty
(/usr/local/texlive/2025/texmf-dist/tex/generic/pgf/math/pgfmath.code.tex))
(/usr/local/texlive/2025/texmf-dist/tex/generic/pgf/utilities/pgffor.code.tex
Package: pgffor 2023-01-15 v3.1.10 (3.1.10)
\pgffor@iter=\dimen269
\pgffor@skip=\dimen270
\pgffor@stack=\toks33
\pgffor@toks=\toks34
))
(/usr/local/texlive/2025/texmf-dist/tex/generic/pgf/frontendlayer/tikz/tikz.cod
e.tex
Package: tikz 2023-01-15 v3.1.10 (3.1.10)

(/usr/local/texlive/2025/texmf-dist/tex/generic/pgf/libraries/pgflibraryplothan
dlers.code.tex
File: pgflibraryplothandlers.code.tex 2023-01-15 v3.1.10 (3.1.10)
\pgf@plot@mark@count=\count317
\pgfplotmarksize=\dimen271
)
\tikz@lastx=\dimen272
\tikz@lasty=\dimen273
\tikz@lastxsaved=\dimen274
\tikz@lastysaved=\dimen275
\tikz@lastmovetox=\dimen276
\tikz@lastmovetoy=\dimen277
\tikzleveldistance=\dimen278
\tikzsiblingdistance=\dimen279
\tikz@figbox=\box109
\tikz@figbox@bg=\box110
\tikz@tempbox=\box111
\tikz@tempbox@bg=\box112
\tikztreelevel=\count318
\tikznumberofchildren=\count319
\tikznumberofcurrentchild=\count320
\tikz@fig@count=\count321

(/usr/local/texlive/2025/texmf-dist/tex/generic/pgf/modules/pgfmodulematrix.cod
e.tex
File: pgfmodulematrix.code.tex 2023-01-15 v3.1.10 (3.1.10)
\pgfmatrixcurrentrow=\count322
\pgfmatrixcurrentcolumn=\count323
\pgf@matrix@numberofcolumns=\count324
)
\tikz@expandcount=\count325

(/usr/local/texlive/2025/texmf-dist/tex/generic/pgf/frontendlayer/tikz/librarie
s/tikzlibrarytopaths.code.tex
File: tikzlibrarytopaths.code.tex 2023-01-15 v3.1.10 (3.1.10)
)))
(/usr/local/texlive/2025/texmf-dist/tex/generic/pgf/frontendlayer/tikz/librarie
s/tikzlibrarycalc.code.tex
File: tikzlibrarycalc.code.tex 2023-01-15 v3.1.10 (3.1.10)
)
(/usr/local/texlive/2025/texmf-dist/tex/generic/pgf/frontendlayer/tikz/librarie
s/tikzlibraryshapes.code.tex
File: tikzlibraryshapes.code.tex 2023-01-15 v3.1.10 (3.1.10)

(/usr/local/texlive/2025/texmf-dist/tex/generic/pgf/frontendlayer/tikz/librarie
s/tikzlibraryshapes.geometric.code.tex
File: tikzlibraryshapes.geometric.code.tex 2023-01-15 v3.1.10 (3.1.10)

(/usr/local/texlive/2025/texmf-dist/tex/generic/pgf/libraries/shapes/pgflibrary
shapes.geometric.code.tex
File: pgflibraryshapes.geometric.code.tex 2023-01-15 v3.1.10 (3.1.10)
))
(/usr/local/texlive/2025/texmf-dist/tex/generic/pgf/frontendlayer/tikz/librarie
s/tikzlibraryshapes.misc.code.tex
File: tikzlibraryshapes.misc.code.tex 2023-01-15 v3.1.10 (3.1.10)

(/usr/local/texlive/2025/texmf-dist/tex/generic/pgf/libraries/shapes/pgflibrary
shapes.misc.code.tex
File: pgflibraryshapes.misc.code.tex 2023-01-15 v3.1.10 (3.1.10)
))
(/usr/local/texlive/2025/texmf-dist/tex/generic/pgf/frontendlayer/tikz/librarie
s/tikzlibraryshapes.symbols.code.tex
File: tikzlibraryshapes.symbols.code.tex 2023-01-15 v3.1.10 (3.1.10)

(/usr/local/texlive/2025/texmf-dist/tex/generic/pgf/libraries/shapes/pgflibrary
shapes.symbols.code.tex
File: pgflibraryshapes.symbols.code.tex 2023-01-15 v3.1.10 (3.1.10)
))
(/usr/local/texlive/2025/texmf-dist/tex/generic/pgf/frontendlayer/tikz/librarie
s/tikzlibraryshapes.arrows.code.tex
File: tikzlibraryshapes.arrows.code.tex 2023-01-15 v3.1.10 (3.1.10)

(/usr/local/texlive/2025/texmf-dist/tex/generic/pgf/libraries/shapes/pgflibrary
shapes.arrows.code.tex
File: pgflibraryshapes.arrows.code.tex 2023-01-15 v3.1.10 (3.1.10)
))
(/usr/local/texlive/2025/texmf-dist/tex/generic/pgf/frontendlayer/tikz/librarie
s/tikzlibraryshapes.callouts.code.tex
(/usr/local/texlive/2025/texmf-dist/tex/generic/pgf/libraries/shapes/pgflibrary
shapes.callouts.code.tex))
(/usr/local/texlive/2025/texmf-dist/tex/generic/pgf/frontendlayer/tikz/librarie
s/tikzlibraryshapes.multipart.code.tex
File: tikzlibraryshapes.multipart.code.tex 2023-01-15 v3.1.10 (3.1.10)

(/usr/local/texlive/2025/texmf-dist/tex/generic/pgf/libraries/shapes/pgflibrary
shapes.multipart.code.tex
File: pgflibraryshapes.multipart.code.tex 2023-01-15 v3.1.10 (3.1.10)
\pgfnodepartlowerbox=\box113
\pgfnodeparttwobox=\box114
\pgfnodepartthreebox=\box115
\pgfnodepartfourbox=\box116
\pgfnodeparttwentybox=\box117
\pgfnodepartnineteenbox=\box118
\pgfnodeparteighteenbox=\box119
\pgfnodepartseventeenbox=\box120
\pgfnodepartsixteenbox=\box121
\pgfnodepartfifteenbox=\box122
\pgfnodepartfourteenbox=\box123
\pgfnodepartthirteenbox=\box124
\pgfnodeparttwelvebox=\box125
\pgfnodepartelevenbox=\box126
\pgfnodeparttenbox=\box127
\pgfnodepartninebox=\box128
\pgfnodeparteightbox=\box129
\pgfnodepartsevenbox=\box130
\pgfnodepartsixbox=\box131
\pgfnodepartfivebox=\box132
)))
(/usr/local/texlive/2025/texmf-dist/tex/generic/pgf/frontendlayer/tikz/librarie
s/tikzlibrarypositioning.code.tex
File: tikzlibrarypositioning.code.tex 2023-01-15 v3.1.10 (3.1.10)
)
(/usr/local/texlive/2025/texmf-dist/tex/latex/comment/comment.sty
\CommentStream=\write4

Excluding comment 'comment')
(/usr/local/texlive/2025/texmf-dist/tex/latex/amsmath/amsmath.sty
Package: amsmath 2024/11/05 v2.17t AMS math features
\@mathmargin=\skip100

For additional information on amsmath, use the `?' option.
(/usr/local/texlive/2025/texmf-dist/tex/latex/amsmath/amstext.sty
Package: amstext 2021/08/26 v2.01 AMS text

(/usr/local/texlive/2025/texmf-dist/tex/latex/amsmath/amsgen.sty
File: amsgen.sty 1999/11/30 v2.0 generic functions
\@emptytoks=\toks35
\ex@=\dimen280
))
(/usr/local/texlive/2025/texmf-dist/tex/latex/amsmath/amsbsy.sty
Package: amsbsy 1999/11/29 v1.2d Bold Symbols
\pmbraise@=\dimen281
)
(/usr/local/texlive/2025/texmf-dist/tex/latex/amsmath/amsopn.sty
Package: amsopn 2022/04/08 v2.04 operator names
)
\inf@bad=\count326
LaTeX Info: Redefining \frac on input line 233.
\uproot@=\count327
\leftroot@=\count328
LaTeX Info: Redefining \overline on input line 398.
LaTeX Info: Redefining \colon on input line 409.
\classnum@=\count329
\DOTSCASE@=\count330
LaTeX Info: Redefining \ldots on input line 495.
LaTeX Info: Redefining \dots on input line 498.
LaTeX Info: Redefining \cdots on input line 619.
\Mathstrutbox@=\box133
\strutbox@=\box134
LaTeX Info: Redefining \big on input line 721.
LaTeX Info: Redefining \Big on input line 722.
LaTeX Info: Redefining \bigg on input line 723.
LaTeX Info: Redefining \Bigg on input line 724.
\big@size=\dimen282
LaTeX Font Info:    Redeclaring font encoding OML on input line 742.
LaTeX Font Info:    Redeclaring font encoding OMS on input line 743.
\macc@depth=\count331
LaTeX Info: Redefining \bmod on input line 904.
LaTeX Info: Redefining \pmod on input line 909.
LaTeX Info: Redefining \smash on input line 939.
LaTeX Info: Redefining \relbar on input line 969.
LaTeX Info: Redefining \Relbar on input line 970.
\c@MaxMatrixCols=\count332
\dotsspace@=\muskip18
\c@parentequation=\count333
\dspbrk@lvl=\count334
\tag@help=\toks36
\row@=\count335
\column@=\count336
\maxfields@=\count337
\andhelp@=\toks37
\eqnshift@=\dimen283
\alignsep@=\dimen284
\tagshift@=\dimen285
\tagwidth@=\dimen286
\totwidth@=\dimen287
\lineht@=\dimen288
\@envbody=\toks38
\multlinegap=\skip101
\multlinetaggap=\skip102
\mathdisplay@stack=\toks39
LaTeX Info: Redefining \[ on input line 2953.
LaTeX Info: Redefining \] on input line 2954.
)
(/usr/local/texlive/2025/texmf-dist/tex/latex/amsfonts/amssymb.sty
Package: amssymb 2013/01/14 v3.01 AMS font symbols

(/usr/local/texlive/2025/texmf-dist/tex/latex/amsfonts/amsfonts.sty
Package: amsfonts 2013/01/14 v3.01 Basic AMSFonts support
\symAMSa=\mathgroup5
\symAMSb=\mathgroup6
LaTeX Font Info:    Redeclaring math symbol \hbar on input line 98.
LaTeX Font Info:    Overwriting math alphabet `\mathfrak' in version `bold'
(Font)                  U/euf/m/n --> U/euf/b/n on input line 106.
))
(/usr/local/texlive/2025/texmf-dist/tex/latex/needspace/needspace.sty
Package: needspace 2010/09/12 v1.3d reserve vertical space
)
(/usr/local/texlive/2025/texmf-dist/tex/latex/overpic/overpic.sty
Package: overpic 2024/01/06 2.1 picture overlays (RN)

(/usr/local/texlive/2025/texmf-dist/tex/latex/eepic/epic.sty
Enhancements to Picture Environment. Version 1.2 - Released June 1, 1986
\@@multicnt=\count338
\d@lta=\count339
\@delta=\dimen289
\@@delta=\dimen290
\@gridcnt=\count340
\@joinkind=\count341
\@dotgap=\dimen291
\@ddotgap=\dimen292
\@x@diff=\count342
\@y@diff=\count343
\x@diff=\dimen293
\y@diff=\dimen294
\@dotbox=\box135
\num@segments=\count344
\num@segmentsi=\count345
\@datafile=\read3
)
\OVP@box=\box136
) (/usr/local/texlive/2025/texmf-dist/tex/latex/cancel/cancel.sty
Package: cancel 2013/04/12 v2.2 Cancel math terms
)
(/usr/local/texlive/2025/texmf-dist/tex/latex/booktabs/booktabs.sty
Package: booktabs 2020/01/12 v1.61803398 Publication quality tables
\heavyrulewidth=\dimen295
\lightrulewidth=\dimen296
\cmidrulewidth=\dimen297
\belowrulesep=\dimen298
\belowbottomsep=\dimen299
\aboverulesep=\dimen300
\abovetopsep=\dimen301
\cmidrulesep=\dimen302
\cmidrulekern=\dimen303
\defaultaddspace=\dimen304
\@cmidla=\count346
\@cmidlb=\count347
\@aboverulesep=\dimen305
\@belowrulesep=\dimen306
\@thisruleclass=\count348
\@lastruleclass=\count349
\@thisrulewidth=\dimen307
)
(/usr/local/texlive/2025/texmf-dist/tex/latex/units/units.sty
Package: units 1998/08/04 v0.9b Typesetting units

(/usr/local/texlive/2025/texmf-dist/tex/latex/units/nicefrac.sty
Package: nicefrac 1998/08/04 v0.9b Nice fractions
\L@UnitsRaiseDisplaystyle=\skip103
\L@UnitsRaiseTextstyle=\skip104
\L@UnitsRaiseScriptstyle=\skip105
))
(/usr/local/texlive/2025/texmf-dist/tex/latex/fancyvrb/fancyvrb.sty
Package: fancyvrb 2024/01/20 4.5c verbatim text (tvz,hv)
\FV@CodeLineNo=\count350
\FV@InFile=\read4
\FV@TabBox=\box137
\c@FancyVerbLine=\count351
\FV@StepNumber=\count352
\FV@OutFile=\write5
)
(/usr/local/texlive/2025/texmf-dist/tex/latex/tools/array.sty
Package: array 2024/10/17 v2.6g Tabular extension package (FMi)
\col@sep=\dimen308
\ar@mcellbox=\box138
\extrarowheight=\dimen309
\NC@list=\toks40
\extratabsurround=\skip106
\backup@length=\skip107
\ar@cellbox=\box139
)
(/usr/local/texlive/2025/texmf-dist/tex/latex/lipsum/lipsum.sty
(/usr/local/texlive/2025/texmf-dist/tex/latex/l3packages/l3keys2e/l3keys2e.sty
(/usr/local/texlive/2025/texmf-dist/tex/latex/l3kernel/expl3.sty
Package: expl3 2025-01-18 L3 programming layer (loader) 

(/usr/local/texlive/2025/texmf-dist/tex/latex/l3backend/l3backend-pdftex.def
File: l3backend-pdftex.def 2024-05-08 L3 backend support: PDF output (pdfTeX)
\l__color_backend_stack_int=\count353
\l__pdf_internal_box=\box140
))
Package: l3keys2e 2024-08-16 LaTeX2e option processing using LaTeX3 keys
)
Package: lipsum 2021-09-20 v2.7 150 paragraphs of Lorem Ipsum dummy text
\g__lipsum_par_int=\count354
\l__lipsum_a_int=\count355
\l__lipsum_b_int=\count356
(/usr/local/texlive/2025/texmf-dist/tex/latex/lipsum/lipsum.ltd.tex))
\c@Classex=\count357
)
(/usr/local/texlive/2025/texmf-dist/tex/latex/amscls/amsthm.sty
Package: amsthm 2020/05/29 v2.20.6
\thm@style=\toks41
\thm@bodyfont=\toks42
\thm@headfont=\toks43
\thm@notefont=\toks44
\thm@headpunct=\toks45
\thm@preskip=\skip108
\thm@postskip=\skip109
\thm@headsep=\skip110
\dth@everypar=\toks46
)
(/usr/local/texlive/2025/texmf-dist/tex/latex/wasysym/wasysym.sty
Package: wasysym 2020/01/19 v2.4 Wasy-2 symbol support package
\symwasy=\mathgroup7
LaTeX Font Info:    Overwriting symbol font `wasy' in version `bold'
(Font)                  U/wasy/m/n --> U/wasy/b/n on input line 93.
)
(/usr/local/texlive/2025/texmf-dist/tex/latex/framed/framed.sty
Package: framed 2011/10/22 v 0.96: framed or shaded text with page breaks
\OuterFrameSep=\skip111
\fb@frw=\dimen310
\fb@frh=\dimen311
\FrameRule=\dimen312
\FrameSep=\dimen313
)
(/usr/local/texlive/2025/texmf-dist/tex/latex/base/makeidx.sty
Package: makeidx 2021/10/04 v1.0m Standard LaTeX package
)
(/usr/local/texlive/2025/texmf-dist/tex/latex/pgfplots/pgfplots.sty
(/usr/local/texlive/2025/texmf-dist/tex/generic/pgfplots/pgfplots.revision.tex)
Package: pgfplots 2021/05/15 v1.18.1 Data Visualization (1.18.1)
(/usr/local/texlive/2025/texmf-dist/tex/generic/pgfplots/pgfplots.code.tex
(/usr/local/texlive/2025/texmf-dist/tex/generic/pgfplots/pgfplotscore.code.tex
\t@pgfplots@toka=\toks47
\t@pgfplots@tokb=\toks48
\t@pgfplots@tokc=\toks49
\pgfplots@tmpa=\dimen314
\c@pgfplots@coordindex=\count358
\c@pgfplots@scanlineindex=\count359

(/usr/local/texlive/2025/texmf-dist/tex/generic/pgfplots/sys/pgfplotssysgeneric
.code.tex))
(/usr/local/texlive/2025/texmf-dist/tex/generic/pgfplots/libs/pgfplotslibrary.c
ode.tex)
(/usr/local/texlive/2025/texmf-dist/tex/generic/pgfplots/oldpgfcompatib/pgfplot
soldpgfsupp_loader.code.tex
(/usr/local/texlive/2025/texmf-dist/tex/generic/pgf/libraries/pgflibraryfpu.cod
e.tex)
Package pgfplots: loading complementary utilities for your pgf version...
\t@pgf@toka=\toks50
\t@pgf@tokb=\toks51
\t@pgf@tokc=\toks52

(/usr/local/texlive/2025/texmf-dist/tex/generic/pgfplots/oldpgfcompatib/pgfplot
soldpgfsupp_pgfutil-common-lists.tex))
(/usr/local/texlive/2025/texmf-dist/tex/generic/pgfplots/util/pgfplotsutil.code
.tex
(/usr/local/texlive/2025/texmf-dist/tex/generic/pgfplots/liststructure/pgfplots
liststructure.code.tex)
(/usr/local/texlive/2025/texmf-dist/tex/generic/pgfplots/liststructure/pgfplots
liststructureext.code.tex)
(/usr/local/texlive/2025/texmf-dist/tex/generic/pgfplots/liststructure/pgfplots
array.code.tex
\c@pgfplotsarray@tmp=\count360
)
(/usr/local/texlive/2025/texmf-dist/tex/generic/pgfplots/liststructure/pgfplots
matrix.code.tex)
(/usr/local/texlive/2025/texmf-dist/tex/generic/pgfplots/numtable/pgfplotstable
shared.code.tex
\c@pgfplotstable@counta=\count361
\t@pgfplotstable@a=\toks53
)
(/usr/local/texlive/2025/texmf-dist/tex/generic/pgfplots/liststructure/pgfplots
deque.code.tex)
(/usr/local/texlive/2025/texmf-dist/tex/generic/pgfplots/util/pgfplotsbinary.co
de.tex
(/usr/local/texlive/2025/texmf-dist/tex/generic/pgfplots/util/pgfplotsbinary.da
ta.code.tex))
(/usr/local/texlive/2025/texmf-dist/tex/generic/pgfplots/util/pgfplotsutil.verb
.code.tex)
(/usr/local/texlive/2025/texmf-dist/tex/generic/pgfplots/libs/pgflibrarypgfplot
s.surfshading.code.tex
\c@pgfplotslibrarysurf@no=\count362

(/usr/local/texlive/2025/texmf-dist/tex/generic/pgfplots/sys/pgflibrarypgfplots
.surfshading.pgfsys-pdftex.def)))
(/usr/local/texlive/2025/texmf-dist/tex/generic/pgfplots/util/pgfplotscolormap.
code.tex
(/usr/local/texlive/2025/texmf-dist/tex/generic/pgfplots/util/pgfplotscolor.cod
e.tex))
(/usr/local/texlive/2025/texmf-dist/tex/generic/pgfplots/pgfplotsstackedplots.c
ode.tex)
(/usr/local/texlive/2025/texmf-dist/tex/generic/pgfplots/pgfplotsplothandlers.c
ode.tex
(/usr/local/texlive/2025/texmf-dist/tex/generic/pgfplots/pgfplotsmeshplothandle
r.code.tex
(/usr/local/texlive/2025/texmf-dist/tex/generic/pgfplots/pgfplotsmeshplotimage.
code.tex)))
(/usr/local/texlive/2025/texmf-dist/tex/generic/pgfplots/pgfplots.scaling.code.
tex)
(/usr/local/texlive/2025/texmf-dist/tex/generic/pgfplots/pgfplotscoordprocessin
g.code.tex)
(/usr/local/texlive/2025/texmf-dist/tex/generic/pgfplots/pgfplots.errorbars.cod
e.tex)
(/usr/local/texlive/2025/texmf-dist/tex/generic/pgfplots/pgfplots.markers.code.
tex)
(/usr/local/texlive/2025/texmf-dist/tex/generic/pgfplots/pgfplotsticks.code.tex
)
(/usr/local/texlive/2025/texmf-dist/tex/generic/pgfplots/pgfplots.paths.code.te
x)
(/usr/local/texlive/2025/texmf-dist/tex/generic/pgf/frontendlayer/tikz/librarie
s/tikzlibrarydecorations.code.tex
(/usr/local/texlive/2025/texmf-dist/tex/generic/pgf/modules/pgfmoduledecoration
s.code.tex
\pgfdecoratedcompleteddistance=\dimen315
\pgfdecoratedremainingdistance=\dimen316
\pgfdecoratedinputsegmentcompleteddistance=\dimen317
\pgfdecoratedinputsegmentremainingdistance=\dimen318
\pgf@decorate@distancetomove=\dimen319
\pgf@decorate@repeatstate=\count363
\pgfdecorationsegmentamplitude=\dimen320
\pgfdecorationsegmentlength=\dimen321
)
\tikz@lib@dec@box=\box141
)
(/usr/local/texlive/2025/texmf-dist/tex/generic/pgf/frontendlayer/tikz/librarie
s/tikzlibrarydecorations.pathmorphing.code.tex
(/usr/local/texlive/2025/texmf-dist/tex/generic/pgf/libraries/decorations/pgfli
brarydecorations.pathmorphing.code.tex))
(/usr/local/texlive/2025/texmf-dist/tex/generic/pgf/frontendlayer/tikz/librarie
s/tikzlibrarydecorations.pathreplacing.code.tex
(/usr/local/texlive/2025/texmf-dist/tex/generic/pgf/libraries/decorations/pgfli
brarydecorations.pathreplacing.code.tex))
(/usr/local/texlive/2025/texmf-dist/tex/generic/pgfplots/libs/tikzlibrarypgfplo
ts.contourlua.code.tex)
\pgfplots@numplots=\count364
\pgfplots@xmin@reg=\dimen322
\pgfplots@xmax@reg=\dimen323
\pgfplots@ymin@reg=\dimen324
\pgfplots@ymax@reg=\dimen325
\pgfplots@zmin@reg=\dimen326
\pgfplots@zmax@reg=\dimen327
)
(/usr/local/texlive/2025/texmf-dist/tex/generic/pgf/frontendlayer/tikz/librarie
s/tikzlibraryplotmarks.code.tex
File: tikzlibraryplotmarks.code.tex 2023-01-15 v3.1.10 (3.1.10)

(/usr/local/texlive/2025/texmf-dist/tex/generic/pgf/libraries/pgflibraryplotmar
ks.code.tex
File: pgflibraryplotmarks.code.tex 2023-01-15 v3.1.10 (3.1.10)
))) (/usr/local/texlive/2025/texmf-dist/tex/latex/qrcode/qrcode.sty
Package: qrcode 2015/01/08 v1.51 QR code generation
\c@qr@i=\count365
\c@qr@j=\count366
\qr@a=\count367
\qr@b=\count368
\qr@c=\count369
\qr@for@depth=\count370
\qr@for@maxdepth=\count371
\qr@for@start=\count372
\qr@for@end=\count373
\qr@for@step=\count374
\qr@newforcount=\count375
\qr@newforcount=\count376
\qr@desiredheight=\skip112
\qr@modulesize=\skip113
\qr@minipagewidth=\skip114
\c@maski=\count377
\c@maskj=\count378
\c@totalones=\count379
\c@penaltyi=\count380
\c@penaltyii=\count381
\c@penaltyiii=\count382
\c@penaltyiv=\count383
\c@qr@hexchars=\count384
\qr@newforcount=\count385
\c@qr@divisionsremaining=\count386
)
(/usr/local/texlive/2025/texmf-dist/tex/generic/pgf/frontendlayer/tikz/librarie
s/tikzlibraryarrows.code.tex
File: tikzlibraryarrows.code.tex 2023-01-15 v3.1.10 (3.1.10)

(/usr/local/texlive/2025/texmf-dist/tex/generic/pgf/libraries/pgflibraryarrows.
code.tex
File: pgflibraryarrows.code.tex 2023-01-15 v3.1.10 (3.1.10)
\arrowsize=\dimen328
))
\c@ekcounter=\count387
\@indexfile=\write6
\openout6 = `mth150-spring2024-course-pack-DELETE-WHEN-IMPORTED.idx'.


Writing index file mth150-spring2024-course-pack-DELETE-WHEN-IMPORTED.idx
(/usr/local/texlive/2025/texmf-dist/tex/latex/tcolorbox/tcolorbox.sty
Package: tcolorbox 2024/10/22 version 6.4.1 text color boxes

(/usr/local/texlive/2025/texmf-dist/tex/latex/tools/verbatim.sty
Package: verbatim 2024-01-22 v1.5x LaTeX2e package for verbatim enhancements
\every@verbatim=\toks54
\verbatim@line=\toks55
\verbatim@in@stream=\read5
)
(/usr/local/texlive/2025/texmf-dist/tex/latex/environ/environ.sty
Package: environ 2014/05/04 v0.3 A new way to define environments

(/usr/local/texlive/2025/texmf-dist/tex/latex/trimspaces/trimspaces.sty
Package: trimspaces 2009/09/17 v1.1 Trim spaces around a token list
))
\tcb@titlebox=\box142
\tcb@upperbox=\box143
\tcb@lowerbox=\box144
\tcb@phantombox=\box145
\c@tcbbreakpart=\count388
\c@tcblayer=\count389
\c@tcolorbox@number=\count390
\l__tcobox_tmpa_box=\box146
\l__tcobox_tmpa_dim=\dimen329
\tcb@temp=\box147
\tcb@temp=\box148
\tcb@temp=\box149
\tcb@temp=\box150
)
(/usr/local/texlive/2025/texmf-dist/tex/latex/tcolorbox/tcbtheorems.code.tex
Library (tcolorbox): 'tcbtheorems.code.tex' version '6.4.1'
) (./mth150-spring2024-course-pack-DELETE-WHEN-IMPORTED.aux
<Reading QR code for "https://www.desmos.com/calculator/b5c6wq2rtp" at level 4-
Q from aux file.>

<Reading QR code for "https://www.desmos.com/calculator/taifhuenas" at level 4-
Q from aux file.>

<Reading QR code for "https://www.desmos.com/calculator/i6svrb0s6u" at level 4-
Q from aux file.>

<Reading QR code for "https://earthobservatory.nasa.gov/features/GlobalWarming/
page2.php" at level 5-M from aux file.>
)
\openout1 = `mth150-spring2024-course-pack-DELETE-WHEN-IMPORTED.aux'.

LaTeX Font Info:    Checking defaults for OML/cmm/m/it on input line 139.
LaTeX Font Info:    ... okay on input line 139.
LaTeX Font Info:    Checking defaults for OMS/cmsy/m/n on input line 139.
LaTeX Font Info:    ... okay on input line 139.
LaTeX Font Info:    Checking defaults for OT1/cmr/m/n on input line 139.
LaTeX Font Info:    ... okay on input line 139.
LaTeX Font Info:    Checking defaults for T1/cmr/m/n on input line 139.
LaTeX Font Info:    ... okay on input line 139.
LaTeX Font Info:    Checking defaults for TS1/cmr/m/n on input line 139.
LaTeX Font Info:    ... okay on input line 139.
LaTeX Font Info:    Checking defaults for OMX/cmex/m/n on input line 139.
LaTeX Font Info:    ... okay on input line 139.
LaTeX Font Info:    Checking defaults for U/cmr/m/n on input line 139.
LaTeX Font Info:    ... okay on input line 139.
LaTeX Font Info:    Checking defaults for PD1/pdf/m/n on input line 139.
LaTeX Font Info:    ... okay on input line 139.
LaTeX Font Info:    Checking defaults for PU/pdf/m/n on input line 139.
LaTeX Font Info:    ... okay on input line 139.
Package hyperref Info: Link coloring OFF on input line 139.
 (./mth150-spring2024-course-pack-DELETE-WHEN-IMPORTED.out)
(./mth150-spring2024-course-pack-DELETE-WHEN-IMPORTED.out)
\@outlinefile=\write7
\openout7 = `mth150-spring2024-course-pack-DELETE-WHEN-IMPORTED.out'.


*geometry* driver: auto-detecting
*geometry* detected driver: pdftex
*geometry* verbose mode - [ preamble ] result:
* driver: pdftex
* paper: letterpaper
* layout: <same size as paper>
* layoutoffset:(h,v)=(0.0pt,0.0pt)
* modes: twoside asymmetric 
* h-part:(L,W,R)=(72.26999pt, 312.0pt, 230.02501pt)
* v-part:(T,H,B)=(72.26999pt, 616.0pt, 106.7pt)
* \paperwidth=614.295pt
* \paperheight=794.96999pt
* \textwidth=312.0pt
* \textheight=661.99345pt
* \oddsidemargin=36.135pt
* \evensidemargin=36.135pt
* \topmargin=0.0pt
* \headheight=12.0pt
* \headsep=12.0pt
* \topskip=12.0pt
* \footskip=36.0pt
* \marginparwidth=144.0pt
* \marginparsep=24.0pt
* \columnsep=10.0pt
* \skip\footins=9.0pt plus 4.0pt minus 2.0pt
* \hoffset=-36.135pt
* \voffset=-36.135pt
* \mag=1000
* \@twocolumnfalse
* \@twosidetrue
* \@mparswitchfalse
* \@reversemarginfalse
* (1in=72.27pt=25.4mm, 1cm=28.453pt)

\langwohyphens=\language90
(/usr/local/texlive/2025/texmf-dist/tex/context/base/mkii/supp-pdf.mkii
[Loading MPS to PDF converter (version 2006.09.02).]
\scratchcounter=\count391
\scratchdimen=\dimen330
\scratchbox=\box151
\nofMPsegments=\count392
\nofMParguments=\count393
\everyMPshowfont=\toks56
\MPscratchCnt=\count394
\MPscratchDim=\dimen331
\MPnumerator=\count395
\makeMPintoPDFobject=\count396
\everyMPtoPDFconversion=\toks57
) (/usr/local/texlive/2025/texmf-dist/tex/latex/epstopdf-pkg/epstopdf-base.sty
Package: epstopdf-base 2020-01-24 v2.11 Base part for package epstopdf
Package epstopdf-base Info: Redefining graphics rule for `.eps' on input line 4
85.

(/usr/local/texlive/2025/texmf-dist/tex/latex/latexconfig/epstopdf-sys.cfg
File: epstopdf-sys.cfg 2010/07/13 v1.3 Configuration of (r)epstopdf for TeX Liv
e
))

Package pgfplots Warning: running in backwards compatibility mode (unsuitable t
ick labels; missing features). Consider writing \pgfplotsset{compat=1.18} into 
your preamble.
 on input line 139.


Underfull \hbox (badness 10000) in paragraph at lines 142--144
[]\T1/pplj/m/n/10 In writ-ing a frac-tion, the nu-mer-a-tor/top is al-ways in a
 hid-den
 []


Underfull \hbox (badness 10000) in paragraph at lines 142--144
\T1/pplj/m/n/10 set of paren-the-ses, even if un-seen. In writ-ing a frac-tion,
 the
 []


Underfull \hbox (badness 10000) in paragraph at lines 142--144
\T1/pplj/m/n/10 de-nom-i-na-tor/bottom is al-ways in a hid-den set of paren-the
-ses,
 []

LaTeX Font Info:    Font shape `T1/pplj/m/sl' in size <10> not available
(Font)              Font shape `T1/pplj/m/it' tried instead on input line 145.
LaTeX Font Info:    Trying to load font information for OT1+pplx on input line 
146.
(/usr/local/texlive/2025/texmf-dist/tex/latex/psnfss/ot1pplx.fd
File: ot1pplx.fd 2004/09/06 font definitions for OT1/pplx.
)
LaTeX Font Info:    Trying to load font information for OML+zplm on input line 
146.

(/usr/local/texlive/2025/texmf-dist/tex/latex/psnfss/omlzplm.fd
File: omlzplm.fd 2002/09/08 Fontinst v1.914 font definitions for OML/zplm.
)
LaTeX Font Info:    Trying to load font information for OMS+zplm on input line 
146.

(/usr/local/texlive/2025/texmf-dist/tex/latex/psnfss/omszplm.fd
File: omszplm.fd 2002/09/08 Fontinst v1.914 font definitions for OMS/zplm.
)
LaTeX Font Info:    Trying to load font information for OMX+zplm on input line 
146.

(/usr/local/texlive/2025/texmf-dist/tex/latex/psnfss/omxzplm.fd
File: omxzplm.fd 2002/09/08 Fontinst v1.914 font definitions for OMX/zplm.
)
LaTeX Font Info:    Trying to load font information for OT1+zplm on input line 
146.

(/usr/local/texlive/2025/texmf-dist/tex/latex/psnfss/ot1zplm.fd
File: ot1zplm.fd 2002/09/08 Fontinst v1.914 font definitions for OT1/zplm.
)
LaTeX Font Info:    Font shape `U/msa/m/n' will be
(Font)              scaled to size 10.42007pt on input line 146.
LaTeX Font Info:    Font shape `U/msa/m/n' will be
(Font)              scaled to size 7.91925pt on input line 146.
LaTeX Font Info:    Font shape `U/msa/m/n' will be
(Font)              scaled to size 6.25204pt on input line 146.
LaTeX Font Info:    Font shape `U/msb/m/n' will be
(Font)              scaled to size 10.42007pt on input line 146.
LaTeX Font Info:    Font shape `U/msb/m/n' will be
(Font)              scaled to size 7.91925pt on input line 146.
LaTeX Font Info:    Font shape `U/msb/m/n' will be
(Font)              scaled to size 6.25204pt on input line 146.
LaTeX Font Info:    Trying to load font information for U+wasy on input line 14
6.

(/usr/local/texlive/2025/texmf-dist/tex/latex/wasysym/uwasy.fd
File: uwasy.fd 2020/01/19 v2.4 Wasy-2 symbol font definitions
)
Underfull \hbox (badness 10000) in paragraph at lines 176--177
[]\T1/pplj/m/n/10 When sub-tract-ing sev-eral terms, en-sure that the con-tents

 []




Package fancyhdr Warning: \headheight is too small (12.0pt): 
(fancyhdr)                Make it at least 14.0pt, for example:
(fancyhdr)                \setlength{\headheight}{14.0pt}.
(fancyhdr)                You might also make \topmargin smaller:
(fancyhdr)                \addtolength{\topmargin}{-2.0pt}.

[1{/usr/local/texlive/2025/texmf-var/fonts/map/pdftex/updmap/pdftex.map}{/usr/l
ocal/texlive/2025/texmf-dist/fonts/enc/dvips/base/8r.enc}

]
Underfull \vbox (badness 10000) has occurred while \output is active []




Package fancyhdr Warning: \headheight is too small (12.0pt): 
(fancyhdr)                Make it at least 14.0pt, for example:
(fancyhdr)                \setlength{\headheight}{14.0pt}.
(fancyhdr)                You might also make \topmargin smaller:
(fancyhdr)                \addtolength{\topmargin}{-2.0pt}.

[2]

LaTeX Warning: Reference `habit:ooowrite' on page 3 undefined on input line 273
.


LaTeX Warning: Reference `convention:ooo' on page 3 undefined on input line 273
.


Underfull \hbox (badness 10000) in paragraph at lines 273--274
[]\T1/pplj/m/n/10 Just as with Habit [], al-ways write ex-pres-sions us-ing or-
der
 []


Underfull \hbox (badness 10000) in paragraph at lines 273--274
\T1/pplj/m/n/10 of op-er-a-tions when in-putting math-e-mat-ics into a cal-cu-l
a-tor.
 []


Underfull \hbox (badness 10000) in paragraph at lines 273--274
\T1/pplj/m/n/10 This may re-quire paren-the-ses so that what you in-tend to say

 []

LaTeX Font Info:    Trying to load font information for TS1+pplj on input line 
279.
(/usr/local/texlive/2025/texmf-dist/tex/latex/psnfss/ts1pplj.fd
File: ts1pplj.fd 2004/09/06 font definitions for TS1/pplj.
)
Underfull \hbox (badness 10000) in paragraph at lines 303--304
[]\T1/pplj/m/n/10 The pro-cess of fac-tor-ing re-sults in hav-ing fac-tors (thi
ngs that
 []


Underfull \vbox (badness 10000) has occurred while \output is active []




Package fancyhdr Warning: \headheight is too small (12.0pt): 
(fancyhdr)                Make it at least 14.0pt, for example:
(fancyhdr)                \setlength{\headheight}{14.0pt}.
(fancyhdr)                You might also make \topmargin smaller:
(fancyhdr)                \addtolength{\topmargin}{-2.0pt}.

[3]
Underfull \vbox (badness 1448) has occurred while \output is active []




Package fancyhdr Warning: \headheight is too small (12.0pt): 
(fancyhdr)                Make it at least 14.0pt, for example:
(fancyhdr)                \setlength{\headheight}{14.0pt}.
(fancyhdr)                You might also make \topmargin smaller:
(fancyhdr)                \addtolength{\topmargin}{-2.0pt}.

[4]

LaTeX Warning: Reference `formula:multiplying-fractions' on page 5 undefined on
 input line 425.


LaTeX Warning: Reference `formula:dividing-fractions' on page 5 undefined on in
put line 432.


Underfull \vbox (badness 6016) has occurred while \output is active []




Package fancyhdr Warning: \headheight is too small (12.0pt): 
(fancyhdr)                Make it at least 14.0pt, for example:
(fancyhdr)                \setlength{\headheight}{14.0pt}.
(fancyhdr)                You might also make \topmargin smaller:
(fancyhdr)                \addtolength{\topmargin}{-2.0pt}.

[5]

LaTeX Warning: Reference `formula:adding-fractions' on page 6 undefined on inpu
t line 441.




Package fancyhdr Warning: \headheight is too small (12.0pt): 
(fancyhdr)                Make it at least 14.0pt, for example:
(fancyhdr)                \setlength{\headheight}{14.0pt}.
(fancyhdr)                You might also make \topmargin smaller:
(fancyhdr)                \addtolength{\topmargin}{-2.0pt}.

[6]
LaTeX Font Info:    Font shape `U/msa/m/n' will be
(Font)              scaled to size 8.33606pt on input line 487.
LaTeX Font Info:    Font shape `U/msb/m/n' will be
(Font)              scaled to size 8.33606pt on input line 487.


LaTeX Warning: Marginpar on page 7 moved.


LaTeX Warning: Marginpar on page 7 moved.




Package fancyhdr Warning: \headheight is too small (12.0pt): 
(fancyhdr)                Make it at least 14.0pt, for example:
(fancyhdr)                \setlength{\headheight}{14.0pt}.
(fancyhdr)                You might also make \topmargin smaller:
(fancyhdr)                \addtolength{\topmargin}{-2.0pt}.

[7]


Package fancyhdr Warning: \headheight is too small (12.0pt): 
(fancyhdr)                Make it at least 14.0pt, for example:
(fancyhdr)                \setlength{\headheight}{14.0pt}.
(fancyhdr)                You might also make \topmargin smaller:
(fancyhdr)                \addtolength{\topmargin}{-2.0pt}.

[8]
Overfull \hbox (17.2254pt too wide) in paragraph at lines 619--620
 [] 
 []


Underfull \hbox (badness 10000) in paragraph at lines 638--640
[]\T1/pplj/m/n/10 Every mix-ture prob-lem can be rephrased as tak-ing the con-
 []


Underfull \hbox (badness 10000) in paragraph at lines 638--640
\T1/pplj/m/n/10 tents of one beaker and the con-tents of an-other beaker
 []


Underfull \hbox (badness 10000) in paragraph at lines 638--640
\T1/pplj/m/n/10 and dump-ing both into a bucket. Since the con-cen-tra-tion
 []


Underfull \hbox (badness 10000) in paragraph at lines 638--640
\T1/pplj/m/n/10 equa-tion must be ap-plied to each con-tainer, for each con-
 []


Underfull \hbox (badness 10000) in paragraph at lines 638--640
\T1/pplj/m/n/10 tainer, you must keep track of the $[]$, the
 []


Underfull \hbox (badness 10000) in paragraph at lines 638--640
[]$\T1/pplj/m/n/10 , and the $[]$. Be sure to
 []


Underfull \hbox (badness 10000) in paragraph at lines 643--644
[]\T1/pplj/m/n/10 The amount of so-lu-tion in the bucket is the sum of the
 []


Underfull \hbox (badness 10000) in paragraph at lines 643--644
\T1/pplj/m/n/10 amount of so-lu-tion in Beaker 1 and the amount of so-lu-tion
 []


Underfull \hbox (badness 10000) in paragraph at lines 644--645
[]\T1/pplj/m/n/10 The amount of acid in the bucket is the sum of the amount
 []


Underfull \hbox (badness 10000) in paragraph at lines 645--646
[]\T1/pplj/m/n/10 You will al-ways ob-tain two ex-pres-sions for the amount of
 []


Underfull \vbox (badness 10000) has occurred while \output is active []




Package fancyhdr Warning: \headheight is too small (12.0pt): 
(fancyhdr)                Make it at least 14.0pt, for example:
(fancyhdr)                \setlength{\headheight}{14.0pt}.
(fancyhdr)                You might also make \topmargin smaller:
(fancyhdr)                \addtolength{\topmargin}{-2.0pt}.

[9]


Package fancyhdr Warning: \headheight is too small (12.0pt): 
(fancyhdr)                Make it at least 14.0pt, for example:
(fancyhdr)                \setlength{\headheight}{14.0pt}.
(fancyhdr)                You might also make \topmargin smaller:
(fancyhdr)                \addtolength{\topmargin}{-2.0pt}.

[10]

LaTeX Warning: Marginpar on page 11 moved.


Underfull \hbox (badness 10000) in paragraph at lines 700--702
[]\T1/pplj/m/n/10 Let $\OML/zplm/m/it/10 a\OT1/pplx/m/n/10 , \OML/zplm/m/it/10 
b\OT1/pplx/m/n/10 , \OML/zplm/m/it/10 x\OT1/pplx/m/n/10 , \OML/zplm/m/it/10 y$ 
\T1/pplj/m/n/10 be real num-bers. We have the fol-low-ing prop-er-
 []




Package fancyhdr Warning: \headheight is too small (12.0pt): 
(fancyhdr)                Make it at least 14.0pt, for example:
(fancyhdr)                \setlength{\headheight}{14.0pt}.
(fancyhdr)                You might also make \topmargin smaller:
(fancyhdr)                \addtolength{\topmargin}{-2.0pt}.

[11]
Underfull \hbox (badness 10000) in paragraph at lines 748--750
\T1/pplj/m/n/10 If two num-bers can fill in the blank (pos-i-tive and neg-a-tiv
e),
 []


Underfull \hbox (badness 10000) in paragraph at lines 769--770
[]$[]$ \T1/pplj/m/n/10 and $[]$ can be said ei-ther ``$\OT1/pplx/m/n/10 2$\T1/p
plj/m/n/10 nd root of $\OML/zplm/m/it/10 a$\T1/pplj/m/n/10 '' or ``square root
 []


Underfull \hbox (badness 10000) in paragraph at lines 772--773
[]$[]$ \T1/pplj/m/n/10 is spo-ken ``$\OT1/pplx/m/n/10 3$\T1/pplj/m/n/10 rd root
 of $\OML/zplm/m/it/10 a$\T1/pplj/m/n/10 '' but can-not be called ``$\OT1/pplx/
m/n/10 3$ \T1/pplj/m/n/10 square
 []


Underfull \hbox (badness 10000) in paragraph at lines 775--776
[]$[]$ \T1/pplj/m/n/10 is spo-ken ``$\OT1/pplx/m/n/10 7$\T1/pplj/m/n/10 th root
 of $\OML/zplm/m/it/10 a$\T1/pplj/m/n/10 '' but can-not be called ``$\OT1/pplx/
m/n/10 7$ \T1/pplj/m/n/10 square
 []


Underfull \vbox (badness 10000) has occurred while \output is active []




Package fancyhdr Warning: \headheight is too small (12.0pt): 
(fancyhdr)                Make it at least 14.0pt, for example:
(fancyhdr)                \setlength{\headheight}{14.0pt}.
(fancyhdr)                You might also make \topmargin smaller:
(fancyhdr)                \addtolength{\topmargin}{-2.0pt}.

[12]
Underfull \vbox (badness 10000) has occurred while \output is active []




Package fancyhdr Warning: \headheight is too small (12.0pt): 
(fancyhdr)                Make it at least 14.0pt, for example:
(fancyhdr)                \setlength{\headheight}{14.0pt}.
(fancyhdr)                You might also make \topmargin smaller:
(fancyhdr)                \addtolength{\topmargin}{-2.0pt}.

[13]
Underfull \vbox (badness 10000) has occurred while \output is active []




Package fancyhdr Warning: \headheight is too small (12.0pt): 
(fancyhdr)                Make it at least 14.0pt, for example:
(fancyhdr)                \setlength{\headheight}{14.0pt}.
(fancyhdr)                You might also make \topmargin smaller:
(fancyhdr)                \addtolength{\topmargin}{-2.0pt}.

[14]
LaTeX Font Info:    Font shape `U/msa/m/n' will be
(Font)              scaled to size 15.0049pt on input line 895.
LaTeX Font Info:    Font shape `U/msb/m/n' will be
(Font)              scaled to size 15.0049pt on input line 895.
LaTeX Font Info:    Font shape `U/msa/m/n' will be
(Font)              scaled to size 12.50409pt on input line 907.
LaTeX Font Info:    Font shape `U/msa/m/n' will be
(Font)              scaled to size 9.37807pt on input line 907.
LaTeX Font Info:    Font shape `U/msa/m/n' will be
(Font)              scaled to size 7.29405pt on input line 907.
LaTeX Font Info:    Font shape `U/msb/m/n' will be
(Font)              scaled to size 12.50409pt on input line 907.
LaTeX Font Info:    Font shape `U/msb/m/n' will be
(Font)              scaled to size 9.37807pt on input line 907.
LaTeX Font Info:    Font shape `U/msb/m/n' will be
(Font)              scaled to size 7.29405pt on input line 907.


Package hyperref Warning: Token not allowed in a PDF string (Unicode):
(hyperref)                removing `math shift' on input line 907.


Package hyperref Warning: Token not allowed in a PDF string (Unicode):
(hyperref)                removing `math shift' on input line 907.

<quad.pdf, id=303, 237.74174pt x 243.64874pt>
File: quad.pdf Graphic file (type pdf)
<use quad.pdf>
Package pdftex.def Info: quad.pdf  used on input line 911.
(pdftex.def)             Requested size: 202.08142pt x 207.1024pt.

Underfull \hbox (badness 10000) in paragraph at lines 922--923
[]\T1/pplj/m/n/10 The in-for-ma-tion about a point can be writ-ten by la-bellin
g
 []




Package fancyhdr Warning: \headheight is too small (12.0pt): 
(fancyhdr)                Make it at least 14.0pt, for example:
(fancyhdr)                \setlength{\headheight}{14.0pt}.
(fancyhdr)                You might also make \topmargin smaller:
(fancyhdr)                \addtolength{\topmargin}{-2.0pt}.

[15 <./quad.pdf>]
<twosided-limits.pdf, id=318, 360.11473pt x 360.13057pt>
File: twosided-limits.pdf Graphic file (type pdf)
<use twosided-limits.pdf>
Package pdftex.def Info: twosided-limits.pdf  used on input line 932.
(pdftex.def)             Requested size: 289.07999pt x 289.10495pt.

Underfull \hbox (badness 10000) in paragraph at lines 940--940
[]\T1/pplj/m/n/10 iven two points $\OT1/zplm/m/n/10/50ls (\OML/zplm/m/it/10/50l
s x[]\OT1/pplx/m/n/10/50ls , \OML/zplm/m/it/10/50ls y[]\OT1/zplm/m/n/10/50ls )$
 \T1/pplj/m/n/10 and $\OT1/zplm/m/n/10/50ls (\OML/zplm/m/it/10/50ls x[]\OT1/ppl
x/m/n/10/50ls , \OML/zplm/m/it/10/50ls y[]\OT1/zplm/m/n/10/50ls )$ \T1/pplj/m/n
/10 the \T1/pplj/b/n/10 dis-tance \T1/pplj/m/n/10 be-tween
 []


Underfull \vbox (badness 10000) has occurred while \output is active []




Package fancyhdr Warning: \headheight is too small (12.0pt): 
(fancyhdr)                Make it at least 14.0pt, for example:
(fancyhdr)                \setlength{\headheight}{14.0pt}.
(fancyhdr)                You might also make \topmargin smaller:
(fancyhdr)                \addtolength{\topmargin}{-2.0pt}.

[16 <./twosided-limits.pdf>]
Underfull \hbox (badness 10000) in paragraph at lines 955--955
[]\T1/pplj/m/n/10 Given two points $\OT1/zplm/m/n/10/50ls (\OML/zplm/m/it/10/50
ls x[]\OT1/pplx/m/n/10/50ls , \OML/zplm/m/it/10/50ls y[]\OT1/zplm/m/n/10/50ls )
$ \T1/pplj/m/n/10 and $\OT1/zplm/m/n/10/50ls (\OML/zplm/m/it/10/50ls x[]\OT1/pp
lx/m/n/10/50ls , \OML/zplm/m/it/10/50ls y[]\OT1/zplm/m/n/10/50ls )$ \T1/pplj/m/
n/10 the \T1/pplj/b/n/10 mid-point \T1/pplj/m/n/10 be-tween
 []


Underfull \hbox (badness 10000) in paragraph at lines 981--981
[][]\T1/pplj/b/n/10 How is an equa-tion in $\OML/zplm/m/it/10/50ls x$ \T1/pplj/
b/n/10 and $\OML/zplm/m/it/10/50ls y$ \T1/pplj/b/n/10 re-lated to its
 []


Underfull \hbox (badness 10000) in paragraph at lines 982--983
[]\T1/pplj/m/n/10 The point $\OT1/zplm/m/n/10/50ls (\OML/zplm/m/it/10/50ls x\OT
1/pplx/m/n/10/50ls , \OML/zplm/m/it/10/50ls y\OT1/zplm/m/n/10/50ls )$ \T1/pplj/
m/n/10 is part of the graph if and only if $\OT1/zplm/m/n/10/50ls (\OML/zplm/m/
it/10/50ls x\OT1/pplx/m/n/10/50ls , \OML/zplm/m/it/10/50ls y\OT1/zplm/m/n/10/50
ls )$ \T1/pplj/m/n/10 sat-is-
 []




Package fancyhdr Warning: \headheight is too small (12.0pt): 
(fancyhdr)                Make it at least 14.0pt, for example:
(fancyhdr)                \setlength{\headheight}{14.0pt}.
(fancyhdr)                You might also make \topmargin smaller:
(fancyhdr)                \addtolength{\topmargin}{-2.0pt}.

[17]


<QR code requested for "https://www.desmos.com/calculator/b5c6wq2rtp" in versio
n 0-M.>
<Error-correction level increased from M to Q at no cost.>

<Copying the QR code for "https://www.desmos.com/calculator/b5c6wq2rtp" in vers
ion 4-Q as previously calculated.>
LaTeX Font Info:    Trying to load font information for T1+fvm on input line 10
05.
(/usr/local/texlive/2025/texmf-dist/tex/latex/bera/t1fvm.fd
File: t1fvm.fd 2004/09/07 scalable font definitions for T1/fvm.
)
LaTeX Font Info:    Font shape `T1/fvm/m/n' will be
(Font)              scaled to size 8.50006pt on input line 1005.

Underfull \vbox (badness 10000) has occurred while \output is active []




Package fancyhdr Warning: \headheight is too small (12.0pt): 
(fancyhdr)                Make it at least 14.0pt, for example:
(fancyhdr)                \setlength{\headheight}{14.0pt}.
(fancyhdr)                You might also make \topmargin smaller:
(fancyhdr)                \addtolength{\topmargin}{-2.0pt}.

[18]
<slope1.pdf, id=353, 418.70042pt x 358.73393pt>
File: slope1.pdf Graphic file (type pdf)
<use slope1.pdf>
Package pdftex.def Info: slope1.pdf  used on input line 1049.
(pdftex.def)             Requested size: 167.4772pt x 143.49103pt.



Package fancyhdr Warning: \headheight is too small (12.0pt): 
(fancyhdr)                Make it at least 14.0pt, for example:
(fancyhdr)                \setlength{\headheight}{14.0pt}.
(fancyhdr)                You might also make \topmargin smaller:
(fancyhdr)                \addtolength{\topmargin}{-2.0pt}.

[19 <./slope1.pdf>]
Overfull \hbox (2.10957pt too wide) in paragraph at lines 1113--1114
\T1/pplj/m/it/10 and $\OT1/zplm/m/n/10 (\OT1/pplx/m/n/10 9, 2\OT1/zplm/m/n/10 )
$\T1/pplj/m/it/10 , does it mat-ter which point is $\OT1/zplm/m/n/10 (\OML/zplm
/m/it/10 x[]\OT1/pplx/m/n/10 , \OML/zplm/m/it/10 y[]\OT1/zplm/m/n/10 )$ \T1/ppl
j/m/it/10 and which point is $\OT1/zplm/m/n/10 (\OML/zplm/m/it/10 x[]\OT1/pplx/
m/n/10 , \OML/zplm/m/it/10 y[]\OT1/zplm/m/n/10 )$\T1/pplj/m/it/10 ? 
 []




<QR code requested for "https://www.desmos.com/calculator/taifhuenas" in versio
n 0-M.>
<Error-correction level increased from M to Q at no cost.>

<Copying the QR code for "https://www.desmos.com/calculator/taifhuenas" in vers
ion 4-Q as previously calculated.>

Underfull \hbox (badness 10000) in paragraph at lines 1126--1126
[]\T1/pplj/m/n/10 Two lines are per-pen-dic-u-lar if their slopes are neg-a-tiv
e re-cip-
 []


Underfull \hbox (badness 10000) in paragraph at lines 1126--1126
\T1/pplj/m/n/10 ro-cals. In other words, if line 1 has slope $\OML/zplm/m/it/10
 m[]$ \T1/pplj/m/n/10 and line 2 has
 []




<QR code requested for "https://www.desmos.com/calculator/i6svrb0s6u" in versio
n 0-M.>
<Error-correction level increased from M to Q at no cost.>

<Copying the QR code for "https://www.desmos.com/calculator/i6svrb0s6u" in vers
ion 4-Q as previously calculated.>



Package fancyhdr Warning: \headheight is too small (12.0pt): 
(fancyhdr)                Make it at least 14.0pt, for example:
(fancyhdr)                \setlength{\headheight}{14.0pt}.
(fancyhdr)                You might also make \topmargin smaller:
(fancyhdr)                \addtolength{\topmargin}{-2.0pt}.

[20]
File: twosided-limits.pdf Graphic file (type pdf)
<use twosided-limits.pdf>
Package pdftex.def Info: twosided-limits.pdf  used on input line 1164.
(pdftex.def)             Requested size: 289.07999pt x 289.10495pt.


LaTeX Warning: Marginpar on page 21 moved.


Underfull \vbox (badness 10000) has occurred while \output is active []




Package fancyhdr Warning: \headheight is too small (12.0pt): 
(fancyhdr)                Make it at least 14.0pt, for example:
(fancyhdr)                \setlength{\headheight}{14.0pt}.
(fancyhdr)                You might also make \topmargin smaller:
(fancyhdr)                \addtolength{\topmargin}{-2.0pt}.

[21]

LaTeX Warning: Marginpar on page 22 moved.

<psurplus.png, id=406, 803.0pt x 803.0pt>
File: psurplus.png Graphic file (type png)
<use psurplus.png>
Package pdftex.def Info: psurplus.png  used on input line 1195.
(pdftex.def)             Requested size: 216.81pt x 216.8129pt.

LaTeX Warning: Marginpar on page 22 moved.

File: psurplus.png Graphic file (type png)
<use psurplus.png>
Package pdftex.def Info: psurplus.png  used on input line 1204.
(pdftex.def)             Requested size: 216.81pt x 216.8129pt.

Underfull \vbox (badness 10000) has occurred while \output is active []




Package fancyhdr Warning: \headheight is too small (12.0pt): 
(fancyhdr)                Make it at least 14.0pt, for example:
(fancyhdr)                \setlength{\headheight}{14.0pt}.
(fancyhdr)                You might also make \topmargin smaller:
(fancyhdr)                \addtolength{\topmargin}{-2.0pt}.

[22 <./psurplus.png>]

LaTeX Warning: Marginpar on page 23 moved.

<govexp.png, id=416, 803.0pt x 803.0pt>
File: govexp.png Graphic file (type png)
<use govexp.png>
Package pdftex.def Info: govexp.png  used on input line 1213.
(pdftex.def)             Requested size: 216.81pt x 216.8129pt.



<QR code requested for "https://earthobservatory.nasa.gov/features/GlobalWarmin
g/page2.php" in version 0-M.>

<Copying the QR code for "https://earthobservatory.nasa.gov/features/GlobalWarm
ing/page2.php" in version 5-M as previously calculated.>
<global-temperature.png, id=419, 722.7pt x 335.2525pt>
File: global-temperature.png Graphic file (type png)
<use global-temperature.png>
Package pdftex.def Info: global-temperature.png  used on input line 1234.
(pdftex.def)             Requested size: 312.0pt x 144.73381pt.

Underfull \vbox (badness 10000) has occurred while \output is active []




Package fancyhdr Warning: \headheight is too small (12.0pt): 
(fancyhdr)                Make it at least 14.0pt, for example:
(fancyhdr)                \setlength{\headheight}{14.0pt}.
(fancyhdr)                You might also make \topmargin smaller:
(fancyhdr)                \addtolength{\topmargin}{-2.0pt}.

[23 <./govexp.png>]
Underfull \vbox (badness 10000) has occurred while \output is active []




Package fancyhdr Warning: \headheight is too small (12.0pt): 
(fancyhdr)                Make it at least 14.0pt, for example:
(fancyhdr)                \setlength{\headheight}{14.0pt}.
(fancyhdr)                You might also make \topmargin smaller:
(fancyhdr)                \addtolength{\topmargin}{-2.0pt}.

[24 <./global-temperature.png>]
Underfull \vbox (badness 10000) has occurred while \output is active []




Package fancyhdr Warning: \headheight is too small (12.0pt): 
(fancyhdr)                Make it at least 14.0pt, for example:
(fancyhdr)                \setlength{\headheight}{14.0pt}.
(fancyhdr)                You might also make \topmargin smaller:
(fancyhdr)                \addtolength{\topmargin}{-2.0pt}.

[25]
Underfull \vbox (badness 10000) has occurred while \output is active []




Package fancyhdr Warning: \headheight is too small (12.0pt): 
(fancyhdr)                Make it at least 14.0pt, for example:
(fancyhdr)                \setlength{\headheight}{14.0pt}.
(fancyhdr)                You might also make \topmargin smaller:
(fancyhdr)                \addtolength{\topmargin}{-2.0pt}.

[26]
Underfull \hbox (badness 10000) in paragraph at lines 1473--1474
[]\T1/pplj/m/n/10 Take a given equa-tion and add/subtract on both sides to
 []


Underfull \hbox (badness 10000) in paragraph at lines 1474--1475
[]\T1/pplj/m/n/10 If the other side fac-tors, then ap-ply the Zero Prod-uct Pro
p-
 []


Underfull \hbox (badness 10000) in paragraph at lines 1474--1475
\T1/pplj/m/n/10 erty. (If the other side does not fac-tor, then try some-thing
 []


Underfull \hbox (badness 10000) in paragraph at lines 1498--1499
[]\T1/pplj/m/n/10 Given an equa-tion, make a copy of the equa-tion one line be-

 []


Underfull \hbox (badness 10000) in paragraph at lines 1505--1506
[]\T1/pplj/m/n/10 Add/subtract to get the quadratic term on one side and the
 []




Package fancyhdr Warning: \headheight is too small (12.0pt): 
(fancyhdr)                Make it at least 14.0pt, for example:
(fancyhdr)                \setlength{\headheight}{14.0pt}.
(fancyhdr)                You might also make \topmargin smaller:
(fancyhdr)                \addtolength{\topmargin}{-2.0pt}.

[27]
Underfull \hbox (badness 10000) in paragraph at lines 1579--1580
[]\T1/pplj/m/n/10 The lin-ear co-ef-fi-cient is $\OT1/pplx/m/n/10/50ls 14$\T1/p
plj/m/n/10 , dou-ble the length of the sec-ond
 []


Underfull \hbox (badness 10000) in paragraph at lines 1580--1581
[]\T1/pplj/m/n/10 The con-stant is $\OT1/pplx/m/n/10/50ls 49$\T1/pplj/m/n/10 , 
the square of the length of the sec-ond
 []


Underfull \vbox (badness 10000) has occurred while \output is active []




Package fancyhdr Warning: \headheight is too small (12.0pt): 
(fancyhdr)                Make it at least 14.0pt, for example:
(fancyhdr)                \setlength{\headheight}{14.0pt}.
(fancyhdr)                You might also make \topmargin smaller:
(fancyhdr)                \addtolength{\topmargin}{-2.0pt}.

[28]
Overfull \hbox (27.08978pt too wide) in paragraph at lines 1645--1646
[][] \T1/pplj/m/n/10 di-vide by $\OT1/pplx/m/n/10/50ls 2$ $\OMS/zplm/m/n/10/50l
s !$ [] \T1/pplj/m/n/10 square $\OMS/zplm/m/n/10/50ls !$ []  
 []


Underfull \hbox (badness 10000) in paragraph at lines 1689--1690
[]\T1/pplj/m/n/10 Before com-put-ing sec-ond stick, etc. if the co-ef-fi-cient 
of $\OML/zplm/m/it/10/50ls x[]$ \T1/pplj/m/n/10 is
 []


Underfull \hbox (badness 10000) in paragraph at lines 1689--1690
\T1/pplj/m/n/10 not $\OT1/pplx/m/n/10/50ls 1$\T1/pplj/m/n/10 , then di-vide bot
h sides by the num-ber that is in front of
 []


Underfull \vbox (badness 10000) has occurred while \output is active []




Package fancyhdr Warning: \headheight is too small (12.0pt): 
(fancyhdr)                Make it at least 14.0pt, for example:
(fancyhdr)                \setlength{\headheight}{14.0pt}.
(fancyhdr)                You might also make \topmargin smaller:
(fancyhdr)                \addtolength{\topmargin}{-2.0pt}.

[29]
Overfull \hbox (167.46498pt too wide) in paragraph at lines 1755--1756
[][]  
 []


Underfull \vbox (badness 10000) has occurred while \output is active []




Package fancyhdr Warning: \headheight is too small (12.0pt): 
(fancyhdr)                Make it at least 14.0pt, for example:
(fancyhdr)                \setlength{\headheight}{14.0pt}.
(fancyhdr)                You might also make \topmargin smaller:
(fancyhdr)                \addtolength{\topmargin}{-2.0pt}.

[30]


Package fancyhdr Warning: \headheight is too small (12.0pt): 
(fancyhdr)                Make it at least 14.0pt, for example:
(fancyhdr)                \setlength{\headheight}{14.0pt}.
(fancyhdr)                You might also make \topmargin smaller:
(fancyhdr)                \addtolength{\topmargin}{-2.0pt}.

[31]
Overfull \hbox (1.33939pt too wide) detected at line 1811
\OML/zplm/m/it/10/50ls x[] \OT1/zplm/m/n/10/50ls + \OT1/pplx/m/n/10/50ls 4\OML/
zplm/m/it/10/50ls x \OMS/zplm/m/n/10/50ls ^^@ \OT1/pplx/m/n/10/50ls 2 \OT1/zplm
/m/n/10/50ls = \OT1/pplx/m/n/10/50ls 0     \OMS/zplm/m/n/10/50ls ,     \OML/zpl
m/m/it/10/50ls x[] \OT1/zplm/m/n/10/50ls + \OT1/pplx/m/n/10/50ls 4\OML/zplm/m/i
t/10/50ls x \OT1/zplm/m/n/10/50ls + \OT1/pplx/m/n/10/50ls 4 \OMS/zplm/m/n/10/50
ls ^^@ \OT1/pplx/m/n/10/50ls 6 \OT1/zplm/m/n/10/50ls = \OT1/pplx/m/n/10/50ls 0 
    \OMS/zplm/m/n/10/50ls , \OT1/zplm/m/n/10/50ls (\OML/zplm/m/it/10/50ls x \OT
1/zplm/m/n/10/50ls + \OT1/pplx/m/n/10/50ls 2\OT1/zplm/m/n/10/50ls )[] \OMS/zplm
/m/n/10/50ls ^^@ \OT1/pplx/m/n/10/50ls 6 \OT1/zplm/m/n/10/50ls = \OT1/pplx/m/n/
10/50ls 0    
 []


LaTeX Warning: Marginpar on page 32 moved.


LaTeX Warning: Marginpar on page 32 moved.




Package fancyhdr Warning: \headheight is too small (12.0pt): 
(fancyhdr)                Make it at least 14.0pt, for example:
(fancyhdr)                \setlength{\headheight}{14.0pt}.
(fancyhdr)                You might also make \topmargin smaller:
(fancyhdr)                \addtolength{\topmargin}{-2.0pt}.

[32]
Underfull \hbox (badness 10000) in paragraph at lines 1921--1922
[]\T1/pplj/m/n/10 If the orig-i-nal equa-tion had vari-ables in the de-nom-i-na
-tor,
 []


Underfull \hbox (badness 10000) in paragraph at lines 1921--1922
\T1/pplj/m/n/10 check to en-sure there are no false so-lu-tions. (Any so-lu-tio
n
 []


Underfull \vbox (badness 10000) has occurred while \output is active []




Package fancyhdr Warning: \headheight is too small (12.0pt): 
(fancyhdr)                Make it at least 14.0pt, for example:
(fancyhdr)                \setlength{\headheight}{14.0pt}.
(fancyhdr)                You might also make \topmargin smaller:
(fancyhdr)                \addtolength{\topmargin}{-2.0pt}.

[33]
Underfull \hbox (badness 10000) in paragraph at lines 1955--1956
[]\T1/pplj/m/n/10 We can still add/subtract/multiply/divide the same thing on
 []


LaTeX Warning: Reference `concept:collecting' on page 34 undefined on input lin
e 1970.




Package fancyhdr Warning: \headheight is too small (12.0pt): 
(fancyhdr)                Make it at least 14.0pt, for example:
(fancyhdr)                \setlength{\headheight}{14.0pt}.
(fancyhdr)                You might also make \topmargin smaller:
(fancyhdr)                \addtolength{\topmargin}{-2.0pt}.

[34]

LaTeX Warning: Marginpar on page 35 moved.




Package fancyhdr Warning: \headheight is too small (12.0pt): 
(fancyhdr)                Make it at least 14.0pt, for example:
(fancyhdr)                \setlength{\headheight}{14.0pt}.
(fancyhdr)                You might also make \topmargin smaller:
(fancyhdr)                \addtolength{\topmargin}{-2.0pt}.

[35]
Underfull \hbox (badness 10000) in paragraph at lines 2026--2027
[]\T1/pplj/m/n/10 If the orig-i-nal equa-tion had vari-ables in a square root, 
check
 []


Underfull \hbox (badness 10000) in paragraph at lines 2026--2027
\T1/pplj/m/n/10 to en-sure there are no false so-lu-tions. (Any so-lu-tion whic
h
 []




Package fancyhdr Warning: \headheight is too small (12.0pt): 
(fancyhdr)                Make it at least 14.0pt, for example:
(fancyhdr)                \setlength{\headheight}{14.0pt}.
(fancyhdr)                You might also make \topmargin smaller:
(fancyhdr)                \addtolength{\topmargin}{-2.0pt}.

[36]
<inequal51.jpg, id=581, 141.1674pt x 109.3686pt>
File: inequal51.jpg Graphic file (type jpg)
<use inequal51.jpg>
Package pdftex.def Info: inequal51.jpg  used on input line 2107.
(pdftex.def)             Requested size: 141.16704pt x 109.36832pt.



Package fancyhdr Warning: \headheight is too small (12.0pt): 
(fancyhdr)                Make it at least 14.0pt, for example:
(fancyhdr)                \setlength{\headheight}{14.0pt}.
(fancyhdr)                You might also make \topmargin smaller:
(fancyhdr)                \addtolength{\topmargin}{-2.0pt}.

[37 <./inequal51.jpg>]
<ab1.pdf, id=589, 261.43648pt x 28.70923pt>
File: ab1.pdf Graphic file (type pdf)
<use ab1.pdf>
Package pdftex.def Info: ab1.pdf  used on input line 2129.
(pdftex.def)             Requested size: 261.43584pt x 28.70915pt.
<ab2.pdf, id=590, 261.43648pt x 28.70923pt>
File: ab2.pdf Graphic file (type pdf)
<use ab2.pdf>
Package pdftex.def Info: ab2.pdf  used on input line 2134.
(pdftex.def)             Requested size: 261.43584pt x 28.70915pt.
<ab3.pdf, id=591, 261.43648pt x 28.70923pt>
File: ab3.pdf Graphic file (type pdf)
<use ab3.pdf>
Package pdftex.def Info: ab3.pdf  used on input line 2138.
(pdftex.def)             Requested size: 261.43584pt x 28.70915pt.
<ab4.pdf, id=592, 261.43648pt x 28.70923pt>
File: ab4.pdf Graphic file (type pdf)
<use ab4.pdf>
Package pdftex.def Info: ab4.pdf  used on input line 2142.
(pdftex.def)             Requested size: 261.43584pt x 28.70915pt.
<ab5.pdf, id=593, 261.43648pt x 28.70923pt>
File: ab5.pdf Graphic file (type pdf)
<use ab5.pdf>
Package pdftex.def Info: ab5.pdf  used on input line 2147.
(pdftex.def)             Requested size: 261.43584pt x 28.70915pt.
<ab6.pdf, id=594, 261.43648pt x 28.70923pt>
File: ab6.pdf Graphic file (type pdf)
<use ab6.pdf>
Package pdftex.def Info: ab6.pdf  used on input line 2151.
(pdftex.def)             Requested size: 261.43584pt x 28.70915pt.



Package fancyhdr Warning: \headheight is too small (12.0pt): 
(fancyhdr)                Make it at least 14.0pt, for example:
(fancyhdr)                \setlength{\headheight}{14.0pt}.
(fancyhdr)                You might also make \topmargin smaller:
(fancyhdr)                \addtolength{\topmargin}{-2.0pt}.

[38 <./ab1.pdf> <./ab2.pdf

pdfTeX warning: /Library/TeX/texbin/pdflatex (file ./ab2.pdf): PDF inclusion: m
ultiple pdfs with page group included in a single page
> <./ab3.pdf

pdfTeX warning: /Library/TeX/texbin/pdflatex (file ./ab3.pdf): PDF inclusion: m
ultiple pdfs with page group included in a single page
> <./ab4.pdf

pdfTeX warning: /Library/TeX/texbin/pdflatex (file ./ab4.pdf): PDF inclusion: m
ultiple pdfs with page group included in a single page
> <./ab5.pdf

pdfTeX warning: /Library/TeX/texbin/pdflatex (file ./ab5.pdf): PDF inclusion: m
ultiple pdfs with page group included in a single page
> <./ab6.pdf

pdfTeX warning: /Library/TeX/texbin/pdflatex (file ./ab6.pdf): PDF inclusion: m
ultiple pdfs with page group included in a single page
>]


Package fancyhdr Warning: \headheight is too small (12.0pt): 
(fancyhdr)                Make it at least 14.0pt, for example:
(fancyhdr)                \setlength{\headheight}{14.0pt}.
(fancyhdr)                You might also make \topmargin smaller:
(fancyhdr)                \addtolength{\topmargin}{-2.0pt}.

[39]
File: inequal51.jpg Graphic file (type jpg)
<use inequal51.jpg>
Package pdftex.def Info: inequal51.jpg  used on input line 2197.
(pdftex.def)             Requested size: 141.16704pt x 109.36832pt.



Package fancyhdr Warning: \headheight is too small (12.0pt): 
(fancyhdr)                Make it at least 14.0pt, for example:
(fancyhdr)                \setlength{\headheight}{14.0pt}.
(fancyhdr)                You might also make \topmargin smaller:
(fancyhdr)                \addtolength{\topmargin}{-2.0pt}.

[40]
Underfull \hbox (badness 10000) in paragraph at lines 2256--2257
\T1/pplj/m/n/10 tu-nately, the $\OMS/zplm/m/n/10 ^^@\OT1/pplx/m/n/10 2$ \T1/ppl
j/m/n/10 in-side the ab-so-lute value and the $\OT1/zplm/m/n/10 +\OT1/pplx/m/n/
10 2$ \T1/pplj/m/n/10 out-side
 []




Package fancyhdr Warning: \headheight is too small (12.0pt): 
(fancyhdr)                Make it at least 14.0pt, for example:
(fancyhdr)                \setlength{\headheight}{14.0pt}.
(fancyhdr)                You might also make \topmargin smaller:
(fancyhdr)                \addtolength{\topmargin}{-2.0pt}.

[41]
Overfull \hbox (8.40947pt too wide) detected at line 2313
\OT1/pplx/m/n/8 3\OT1/zplm/m/n/8 (\OML/zplm/m/it/8 x[] \OMS/zplm/m/n/8 ^^@ \OML
/zplm/m/it/8 x[]\OT1/zplm/m/n/8 ) + \OT1/pplx/m/n/8 1 \OT1/zplm/m/n/8 = \OT1/pp
lx/m/n/8 14[]3\OT1/zplm/m/n/8 (\OML/zplm/m/it/8 x[] \OMS/zplm/m/n/8 ^^@ \OML/zp
lm/m/it/8 x[]\OT1/zplm/m/n/8 ) + \OT1/pplx/m/n/8 1 \OT1/zplm/m/n/8 = \OMS/zplm/
m/n/8 ^^@\OT1/pplx/m/n/8 14[]3\OT1/zplm/m/n/8 (\OML/zplm/m/it/8 x[] \OMS/zplm/m
/n/8 ^^@ \OML/zplm/m/it/8 x[]\OT1/zplm/m/n/8 ) + \OT1/pplx/m/n/8 1 \OT1/zplm/m/
n/8 = \OT1/pplx/m/n/8 64[]3\OT1/zplm/m/n/8 (\OML/zplm/m/it/8 x[] \OMS/zplm/m/n/
8 ^^@ \OML/zplm/m/it/8 x[]\OT1/zplm/m/n/8 ) + \OT1/pplx/m/n/8 1 \OT1/zplm/m/n/8
 = \OMS/zplm/m/n/8 ^^@\OT1/pplx/m/n/8 64
 []


Overfull \hbox (23.40038pt too wide) detected at line 2314
\OT1/pplx/m/n/10 3\OT1/zplm/m/n/10 (\OML/zplm/m/it/10 x[] \OMS/zplm/m/n/10 ^^@ 
\OML/zplm/m/it/10 x[]\OT1/zplm/m/n/10 ) = \OT1/pplx/m/n/10 13[]3\OT1/zplm/m/n/1
0 (\OML/zplm/m/it/10 x[] \OMS/zplm/m/n/10 ^^@ \OML/zplm/m/it/10 x[]\OT1/zplm/m/
n/10 ) = \OMS/zplm/m/n/10 ^^@\OT1/pplx/m/n/10 15[]3\OT1/zplm/m/n/10 (\OML/zplm/
m/it/10 x[] \OMS/zplm/m/n/10 ^^@ \OML/zplm/m/it/10 x[]\OT1/zplm/m/n/10 ) = \OT1
/pplx/m/n/10 63[]3\OT1/zplm/m/n/10 (\OML/zplm/m/it/10 x[] \OMS/zplm/m/n/10 ^^@ 
\OML/zplm/m/it/10 x[]\OT1/zplm/m/n/10 ) = \OMS/zplm/m/n/10 ^^@\OT1/pplx/m/n/10 
65
 []


Overfull \hbox (20.40038pt too wide) detected at line 2316
\OT1/zplm/m/n/10 (\OML/zplm/m/it/10 x[]\OT1/zplm/m/n/10 )[] \OMS/zplm/m/n/10 ^^
@ \OML/zplm/m/it/10 x[] \OT1/zplm/m/n/10 = [][](\OML/zplm/m/it/10 x[]\OT1/zplm/
m/n/10 )[] \OMS/zplm/m/n/10 ^^@ \OML/zplm/m/it/10 x[] \OT1/zplm/m/n/10 = \OMS/z
plm/m/n/10 ^^@\OT1/pplx/m/n/10 5[]\OT1/zplm/m/n/10 (\OML/zplm/m/it/10 x[]\OT1/z
plm/m/n/10 )[] \OMS/zplm/m/n/10 ^^@ \OML/zplm/m/it/10 x[] \OT1/zplm/m/n/10 = \O
T1/pplx/m/n/10 21[]\OT1/zplm/m/n/10 (\OML/zplm/m/it/10 x[]\OT1/zplm/m/n/10 )[] 
\OMS/zplm/m/n/10 ^^@ \OML/zplm/m/it/10 x[] \OT1/zplm/m/n/10 = \OMS/zplm/m/n/10 
^^@[]
 []


Underfull \hbox (badness 10000) in paragraph at lines 2349--2350
\T1/pplj/m/n/10 un-for-tu-nately, the $\OT1/zplm/m/n/10 +\OT1/pplx/m/n/10 3$ \T
1/pplj/m/n/10 in-side the ab-so-lute value and the $\OMS/zplm/m/n/10 ^^@\OT1/pp
lx/m/n/10 3$
 []




Package fancyhdr Warning: \headheight is too small (12.0pt): 
(fancyhdr)                Make it at least 14.0pt, for example:
(fancyhdr)                \setlength{\headheight}{14.0pt}.
(fancyhdr)                You might also make \topmargin smaller:
(fancyhdr)                \addtolength{\topmargin}{-2.0pt}.

[42]
Underfull \hbox (badness 10000) in paragraph at lines 2394--2395
[]\T1/pplj/m/n/10 A func-tion is a rule that de-scribe ex-actly one out-put for
 each
 []

<math-practice-test-on-function.jpg, id=688, 328.22626pt x 167.87718pt>
File: math-practice-test-on-function.jpg Graphic file (type jpg)
<use math-practice-test-on-function.jpg>
Package pdftex.def Info: math-practice-test-on-function.jpg  used on input line
 2400.
(pdftex.def)             Requested size: 328.22545pt x 167.87677pt.

Overfull \hbox (16.22418pt too wide) in paragraph at lines 2407--2408
 [] 
 []


Underfull \vbox (badness 1762) has occurred while \output is active []




Package fancyhdr Warning: \headheight is too small (12.0pt): 
(fancyhdr)                Make it at least 14.0pt, for example:
(fancyhdr)                \setlength{\headheight}{14.0pt}.
(fancyhdr)                You might also make \topmargin smaller:
(fancyhdr)                \addtolength{\topmargin}{-2.0pt}.

[43 <./math-practice-test-on-function.jpg>]
<function_machine.png, id=703, 501.875pt x 539.01375pt>
File: function_machine.png Graphic file (type png)
<use function_machine.png>
Package pdftex.def Info: function_machine.png  used on input line 2418.
(pdftex.def)             Requested size: 200.74643pt x 215.60167pt.
<download.png, id=704, 259.97125pt x 194.7275pt>
File: download.png Graphic file (type png)
<use download.png>
Package pdftex.def Info: download.png  used on input line 2423.
(pdftex.def)             Requested size: 259.97061pt x 194.727pt.

Underfull \hbox (badness 10000) in paragraph at lines 2434--2435
[]\T1/pplj/m/n/10 Use the words $[]$ and $[]$ when talk-ing about a func-
 []




Package fancyhdr Warning: \headheight is too small (12.0pt): 
(fancyhdr)                Make it at least 14.0pt, for example:
(fancyhdr)                \setlength{\headheight}{14.0pt}.
(fancyhdr)                You might also make \topmargin smaller:
(fancyhdr)                \addtolength{\topmargin}{-2.0pt}.

[44 <./function_machine.png (PNG copy)> <./download.png>]
Underfull \hbox (badness 10000) in paragraph at lines 2446--2447
[]\T1/pplj/m/n/10 When see-ing/writing $\OML/zplm/m/it/10 f\OT1/zplm/m/n/10 (\O
ML/zplm/m/it/10 x\OT1/zplm/m/n/10 )$ \T1/pplj/m/n/10 say ``$\OML/zplm/m/it/10 f
$ \T1/pplj/m/n/10 of $\OML/zplm/m/it/10 x$\T1/pplj/m/n/10 '' and do not skip th
e
 []


Underfull \hbox (badness 10000) in paragraph at lines 2446--2447
\T1/pplj/m/n/10 word $[]$. Sim-i-larly, $\OML/zplm/m/it/10 f\OT1/zplm/m/n/10 (\
OT1/pplx/m/n/10 5\OT1/zplm/m/n/10 )$ \T1/pplj/m/n/10 should be said ``$\OML/zpl
m/m/it/10 f$ \T1/pplj/m/n/10 of $\OT1/pplx/m/n/10 5$\T1/pplj/m/n/10 ''. If you 
skip
 []


Underfull \hbox (badness 10000) in paragraph at lines 2446--2447
\T1/pplj/m/n/10 the $[]$, it leads to the er-ror of think-ing we have ``$\OML/z
plm/m/it/10 f$ \T1/pplj/m/n/10 times $\OT1/pplx/m/n/10 5$\T1/pplj/m/n/10 '' but

 []


Underfull \hbox (badness 10000) in paragraph at lines 2459--2460
[]\T1/pplj/m/n/10 In the last ex-am-ple, we wrote [] which is
 []


Underfull \hbox (badness 10000) in paragraph at lines 2468--2469
[]\T1/pplj/m/n/10 While writ-ing [] re-place ev-ery [] you see
 []


Underfull \hbox (badness 10000) in paragraph at lines 2468--2469
\T1/pplj/m/n/10 with []. This even ap-plies to the $\OML/zplm/m/it/10 x$ \T1/pp
lj/m/n/10 that is on the left of the
 []

<oodle.jpeg, id=711, 246.9225pt x 205.76875pt>
File: oodle.jpeg Graphic file (type jpg)
<use oodle.jpeg>
Package pdftex.def Info: oodle.jpeg  used on input line 2473.
(pdftex.def)             Requested size: 216.81pt x 180.67201pt.

Underfull \vbox (badness 10000) has occurred while \output is active []




Package fancyhdr Warning: \headheight is too small (12.0pt): 
(fancyhdr)                Make it at least 14.0pt, for example:
(fancyhdr)                \setlength{\headheight}{14.0pt}.
(fancyhdr)                You might also make \topmargin smaller:
(fancyhdr)                \addtolength{\topmargin}{-2.0pt}.

[45]
<chomponzoo.jpg, id=723, 846.16125pt x 448.67625pt>
File: chomponzoo.jpg Graphic file (type jpg)
<use chomponzoo.jpg>
Package pdftex.def Info: chomponzoo.jpg  used on input line 2477.
(pdftex.def)             Requested size: 216.81pt x 114.96205pt.

Overfull \hbox (12.80989pt too wide) in paragraph at lines 2488--2489
\T1/pplj/m/n/10 Replace ev-ery [] in [] with []  
 []


Overfull \hbox (12.80989pt too wide) in paragraph at lines 2493--2494
\T1/pplj/m/n/10 Replace ev-ery [] in [] with []  
 []


Overfull \hbox (12.80989pt too wide) in paragraph at lines 2498--2499
\T1/pplj/m/n/10 Replace ev-ery [] in [] with []  
 []


Overfull \hbox (12.80989pt too wide) in paragraph at lines 2503--2504
\T1/pplj/m/n/10 Replace ev-ery [] in [] with []  
 []


Underfull \vbox (badness 10000) has occurred while \output is active []




Package fancyhdr Warning: \headheight is too small (12.0pt): 
(fancyhdr)                Make it at least 14.0pt, for example:
(fancyhdr)                \setlength{\headheight}{14.0pt}.
(fancyhdr)                You might also make \topmargin smaller:
(fancyhdr)                \addtolength{\topmargin}{-2.0pt}.

[46 <./oodle.jpeg> <./chomponzoo.jpg>]
Overfull \hbox (11.07945pt too wide) in paragraph at lines 2579--2580
[][]\T1/pplj/b/n/10 Example 294. []\T1/pplj/m/it/10 Given the func-tion $\OML/z
plm/m/it/10 f\OT1/zplm/m/n/10 (\OML/zplm/m/it/10 x\OT1/zplm/m/n/10 ) = \OMS/zpl
m/m/n/10 ^^@\OT1/pplx/m/n/10 10\OML/zplm/m/it/10 x[] \OT1/zplm/m/n/10 + \OT1/pp
lx/m/n/10 3\OML/zplm/m/it/10 x$\T1/pplj/m/it/10 , find $[]$ 
 []


LaTeX Warning: Marginpar on page 47 moved.




Package fancyhdr Warning: \headheight is too small (12.0pt): 
(fancyhdr)                Make it at least 14.0pt, for example:
(fancyhdr)                \setlength{\headheight}{14.0pt}.
(fancyhdr)                You might also make \topmargin smaller:
(fancyhdr)                \addtolength{\topmargin}{-2.0pt}.

[47]
Underfull \hbox (badness 10000) in paragraph at lines 2594--2595
[]\T1/pplj/m/n/10 Avoid div-ing by zero. (In other words, what val-ues of $\OML
/zplm/m/it/10 x$
 []


Underfull \hbox (badness 10000) in paragraph at lines 2594--2595
\T1/pplj/m/n/10 cause the de-nom-i-na-tor to be zero? We must ex-clude these
 []


Underfull \hbox (badness 10000) in paragraph at lines 2595--2596
[]\T1/pplj/m/n/10 Avoid square root-ing a neg-a-tive num-ber. Rephrased, we
 []


Underfull \hbox (badness 10000) in paragraph at lines 2595--2596
\T1/pplj/m/n/10 want/need what we are square root-ing to be greater than
 []


Underfull \hbox (badness 10000) in paragraph at lines 2595--2596
\T1/pplj/m/n/10 or equal to $\OT1/pplx/m/n/10 0$\T1/pplj/m/n/10 . In other word
s, we need the con-tent \T1/pplj/m/it/10 in-side \T1/pplj/m/n/10 a
 []


Underfull \vbox (badness 10000) has occurred while \output is active []




Package fancyhdr Warning: \headheight is too small (12.0pt): 
(fancyhdr)                Make it at least 14.0pt, for example:
(fancyhdr)                \setlength{\headheight}{14.0pt}.
(fancyhdr)                You might also make \topmargin smaller:
(fancyhdr)                \addtolength{\topmargin}{-2.0pt}.

[48]
File: twosided-limits.pdf Graphic file (type pdf)
<use twosided-limits.pdf>
Package pdftex.def Info: twosided-limits.pdf  used on input line 2641.
(pdftex.def)             Requested size: 289.07999pt x 289.10495pt.



Package fancyhdr Warning: \headheight is too small (12.0pt): 
(fancyhdr)                Make it at least 14.0pt, for example:
(fancyhdr)                \setlength{\headheight}{14.0pt}.
(fancyhdr)                You might also make \topmargin smaller:
(fancyhdr)                \addtolength{\topmargin}{-2.0pt}.

[49]
<warnberg-pre.png, id=764, 336.25626pt x 227.85126pt>
File: warnberg-pre.png Graphic file (type png)
<use warnberg-pre.png>
Package pdftex.def Info: warnberg-pre.png  used on input line 2677.
(pdftex.def)             Requested size: 361.34999pt x 244.85883pt.

Overfull \hbox (49.34999pt too wide) in paragraph at lines 2677--2678
[][]  
 []


Underfull \vbox (badness 10000) has occurred while \output is active []




Package fancyhdr Warning: \headheight is too small (12.0pt): 
(fancyhdr)                Make it at least 14.0pt, for example:
(fancyhdr)                \setlength{\headheight}{14.0pt}.
(fancyhdr)                You might also make \topmargin smaller:
(fancyhdr)                \addtolength{\topmargin}{-2.0pt}.

[50 <./warnberg-pre.png>]


Package fancyhdr Warning: \headheight is too small (12.0pt): 
(fancyhdr)                Make it at least 14.0pt, for example:
(fancyhdr)                \setlength{\headheight}{14.0pt}.
(fancyhdr)                You might also make \topmargin smaller:
(fancyhdr)                \addtolength{\topmargin}{-2.0pt}.

[51]


Package fancyhdr Warning: \headheight is too small (12.0pt): 
(fancyhdr)                Make it at least 14.0pt, for example:
(fancyhdr)                \setlength{\headheight}{14.0pt}.
(fancyhdr)                You might also make \topmargin smaller:
(fancyhdr)                \addtolength{\topmargin}{-2.0pt}.

[52]
<vertex1.JPG, id=792, 219.82124pt x 180.675pt>
File: vertex1.JPG Graphic file (type jpg)
<use vertex1.JPG>
Package pdftex.def Info: vertex1.JPG  used on input line 2784.
(pdftex.def)             Requested size: 87.92693pt x 72.2687pt.


LaTeX Warning: Marginpar on page 53 moved.




Package fancyhdr Warning: \headheight is too small (12.0pt): 
(fancyhdr)                Make it at least 14.0pt, for example:
(fancyhdr)                \setlength{\headheight}{14.0pt}.
(fancyhdr)                You might also make \topmargin smaller:
(fancyhdr)                \addtolength{\topmargin}{-2.0pt}.

[53 <./vertex1.JPG>]
Underfull \hbox (badness 10000) in paragraph at lines 2848--2849
[]\T1/pplj/m/n/10 If there are mul-ti-ple sep-a-rate in-ter-vals, write down in
-ter-
 []

<371.pdf, id=802, 293.87766pt x 107.75256pt>
File: 371.pdf Graphic file (type pdf)
<use 371.pdf>
Package pdftex.def Info: 371.pdf  used on input line 2862.
(pdftex.def)             Requested size: 264.48743pt x 96.9764pt.



Package fancyhdr Warning: \headheight is too small (12.0pt): 
(fancyhdr)                Make it at least 14.0pt, for example:
(fancyhdr)                \setlength{\headheight}{14.0pt}.
(fancyhdr)                You might also make \topmargin smaller:
(fancyhdr)                \addtolength{\topmargin}{-2.0pt}.

[54]
<372.pdf, id=814, 293.87766pt x 107.75256pt>
File: 372.pdf Graphic file (type pdf)
<use 372.pdf>
Package pdftex.def Info: 372.pdf  used on input line 2867.
(pdftex.def)             Requested size: 264.48743pt x 96.9764pt.
<373.pdf, id=815, 293.87766pt x 107.75256pt>
File: 373.pdf Graphic file (type pdf)
<use 373.pdf>
Package pdftex.def Info: 373.pdf  used on input line 2873.
(pdftex.def)             Requested size: 264.48743pt x 96.9764pt.
<374.pdf, id=816, 293.87766pt x 107.75256pt>
File: 374.pdf Graphic file (type pdf)
<use 374.pdf>
Package pdftex.def Info: 374.pdf  used on input line 2878.
(pdftex.def)             Requested size: 264.48743pt x 96.9764pt.
<375.pdf, id=817, 293.87766pt x 107.75256pt>
File: 375.pdf Graphic file (type pdf)
<use 375.pdf>
Package pdftex.def Info: 375.pdf  used on input line 2883.
(pdftex.def)             Requested size: 264.48743pt x 96.9764pt.



Package fancyhdr Warning: \headheight is too small (12.0pt): 
(fancyhdr)                Make it at least 14.0pt, for example:
(fancyhdr)                \setlength{\headheight}{14.0pt}.
(fancyhdr)                You might also make \topmargin smaller:
(fancyhdr)                \addtolength{\topmargin}{-2.0pt}.

[55 <./371.pdf> <./372.pdf

pdfTeX warning: /Library/TeX/texbin/pdflatex (file ./372.pdf): PDF inclusion: m
ultiple pdfs with page group included in a single page
> <./373.pdf

pdfTeX warning: /Library/TeX/texbin/pdflatex (file ./373.pdf): PDF inclusion: m
ultiple pdfs with page group included in a single page
> <./374.pdf

pdfTeX warning: /Library/TeX/texbin/pdflatex (file ./374.pdf): PDF inclusion: m
ultiple pdfs with page group included in a single page
> <./375.pdf

pdfTeX warning: /Library/TeX/texbin/pdflatex (file ./375.pdf): PDF inclusion: m
ultiple pdfs with page group included in a single page
>]


Package fancyhdr Warning: \headheight is too small (12.0pt): 
(fancyhdr)                Make it at least 14.0pt, for example:
(fancyhdr)                \setlength{\headheight}{14.0pt}.
(fancyhdr)                You might also make \topmargin smaller:
(fancyhdr)                \addtolength{\topmargin}{-2.0pt}.

[56]


Package fancyhdr Warning: \headheight is too small (12.0pt): 
(fancyhdr)                Make it at least 14.0pt, for example:
(fancyhdr)                \setlength{\headheight}{14.0pt}.
(fancyhdr)                You might also make \topmargin smaller:
(fancyhdr)                \addtolength{\topmargin}{-2.0pt}.

[57]
<poly.jpg, id=874, 232.61906pt x 234.8775pt>
File: poly.jpg Graphic file (type jpg)
<use poly.jpg>
Package pdftex.def Info: poly.jpg  used on input line 2980.
(pdftex.def)             Requested size: 174.46385pt x 176.15768pt.
<poly_even.pdf, id=875, 446.22339pt x 155.61234pt>
File: poly_even.pdf Graphic file (type pdf)
<use poly_even.pdf>
Package pdftex.def Info: poly_even.pdf  used on input line 2988.
(pdftex.def)             Requested size: 223.11115pt x 77.80597pt.
<poly_odd.pdf, id=876, 445.11093pt x 159.79558pt>
File: poly_odd.pdf Graphic file (type pdf)
<use poly_odd.pdf>
Package pdftex.def Info: poly_odd.pdf  used on input line 2998.
(pdftex.def)             Requested size: 222.55492pt x 79.89758pt.



Package fancyhdr Warning: \headheight is too small (12.0pt): 
(fancyhdr)                Make it at least 14.0pt, for example:
(fancyhdr)                \setlength{\headheight}{14.0pt}.
(fancyhdr)                You might also make \topmargin smaller:
(fancyhdr)                \addtolength{\topmargin}{-2.0pt}.

[58 <./poly.jpg> <./poly_even.pdf>]
<mult1.jpg, id=890, 104.64093pt x 108.405pt>
File: mult1.jpg Graphic file (type jpg)
<use mult1.jpg>
Package pdftex.def Info: mult1.jpg  used on input line 3017.
(pdftex.def)             Requested size: 52.32033pt x 54.20236pt.
<mult2.jpg, id=891, 105.39375pt x 104.64093pt>
File: mult2.jpg Graphic file (type jpg)
<use mult2.jpg>
Package pdftex.def Info: mult2.jpg  used on input line 3017.
(pdftex.def)             Requested size: 52.69673pt x 52.32033pt.
<mult3.jpg, id=892, 106.14656pt x 110.66344pt>
File: mult3.jpg Graphic file (type jpg)
<use mult3.jpg>
Package pdftex.def Info: mult3.jpg  used on input line 3022.
(pdftex.def)             Requested size: 53.07315pt x 55.33157pt.
<mult4.jpg, id=893, 91.09032pt x 93.34875pt>
File: mult4.jpg Graphic file (type jpg)
<use mult4.jpg>
Package pdftex.def Info: mult4.jpg  used on input line 3022.
(pdftex.def)             Requested size: 45.54503pt x 46.67426pt.



Package fancyhdr Warning: \headheight is too small (12.0pt): 
(fancyhdr)                Make it at least 14.0pt, for example:
(fancyhdr)                \setlength{\headheight}{14.0pt}.
(fancyhdr)                You might also make \topmargin smaller:
(fancyhdr)                \addtolength{\topmargin}{-2.0pt}.

[59 <./poly_odd.pdf> <./mult1.jpg> <./mult2.jpg> <./mult3.jpg> <./mult4.jpg>]
Overfull \hbox (205.68716pt too wide) in paragraph at lines 3079--3155
 [] 
 []


Overfull \hbox (220.78209pt too wide) in paragraph at lines 3159--3235
 [] 
 []


Overfull \hbox (210.45508pt too wide) in paragraph at lines 3239--3315
 [] 
 []




Package fancyhdr Warning: \headheight is too small (12.0pt): 
(fancyhdr)                Make it at least 14.0pt, for example:
(fancyhdr)                \setlength{\headheight}{14.0pt}.
(fancyhdr)                You might also make \topmargin smaller:
(fancyhdr)                \addtolength{\topmargin}{-2.0pt}.

[60]
Overfull \hbox (214.20859pt too wide) in paragraph at lines 3319--3394
 [] 
 []


Overfull \hbox (180.68343pt too wide) in paragraph at lines 3398--3470
 [] 
 []


Overfull \hbox (209.34221pt too wide) in paragraph at lines 3479--3556
 [] 
 []


Underfull \vbox (badness 5862) has occurred while \output is active []




Package fancyhdr Warning: \headheight is too small (12.0pt): 
(fancyhdr)                Make it at least 14.0pt, for example:
(fancyhdr)                \setlength{\headheight}{14.0pt}.
(fancyhdr)                You might also make \topmargin smaller:
(fancyhdr)                \addtolength{\topmargin}{-2.0pt}.

[61]
Overfull \hbox (214.87726pt too wide) in paragraph at lines 3560--3637
 [] 
 []


Overfull \hbox (216.76859pt too wide) in paragraph at lines 3641--3717
 [] 
 []


Overfull \hbox (217.50867pt too wide) in paragraph at lines 3721--3797
 [] 
 []


Underfull \vbox (badness 10000) has occurred while \output is active []




Package fancyhdr Warning: \headheight is too small (12.0pt): 
(fancyhdr)                Make it at least 14.0pt, for example:
(fancyhdr)                \setlength{\headheight}{14.0pt}.
(fancyhdr)                You might also make \topmargin smaller:
(fancyhdr)                \addtolength{\topmargin}{-2.0pt}.

[62]
Overfull \hbox (186.32353pt too wide) in paragraph at lines 3801--3875
 [] 
 []


Overfull \hbox (39.7998pt too wide) in paragraph at lines 3893--3916
[][]   [] 
 []


Underfull \vbox (badness 10000) has occurred while \output is active []




Package fancyhdr Warning: \headheight is too small (12.0pt): 
(fancyhdr)                Make it at least 14.0pt, for example:
(fancyhdr)                \setlength{\headheight}{14.0pt}.
(fancyhdr)                You might also make \topmargin smaller:
(fancyhdr)                \addtolength{\topmargin}{-2.0pt}.

[63]
Overfull \hbox (39.7998pt too wide) in paragraph at lines 3930--3945
[][]   [] 
 []


Overfull \hbox (39.7998pt too wide) in paragraph at lines 3962--3977
[][]   [] 
 []


Overfull \hbox (39.7998pt too wide) in paragraph at lines 3995--4016
[][]   [] 
 []


Underfull \vbox (badness 10000) has occurred while \output is active []




Package fancyhdr Warning: \headheight is too small (12.0pt): 
(fancyhdr)                Make it at least 14.0pt, for example:
(fancyhdr)                \setlength{\headheight}{14.0pt}.
(fancyhdr)                You might also make \topmargin smaller:
(fancyhdr)                \addtolength{\topmargin}{-2.0pt}.

[64]
Overfull \hbox (194.30537pt too wide) in paragraph at lines 4054--4055
[][]  
 []


Overfull \hbox (194.30537pt too wide) in paragraph at lines 4093--4094
[][]  
 []


Underfull \vbox (badness 10000) has occurred while \output is active []




Package fancyhdr Warning: \headheight is too small (12.0pt): 
(fancyhdr)                Make it at least 14.0pt, for example:
(fancyhdr)                \setlength{\headheight}{14.0pt}.
(fancyhdr)                You might also make \topmargin smaller:
(fancyhdr)                \addtolength{\topmargin}{-2.0pt}.

[65]
Overfull \hbox (194.30537pt too wide) in paragraph at lines 4133--4134
[][]  
 []


Overfull \hbox (194.30537pt too wide) in paragraph at lines 4173--4174
[][]  
 []

LaTeX Font Info:    Font shape `U/msa/m/n' will be
(Font)              scaled to size 11.40997pt on input line 4181.
LaTeX Font Info:    Font shape `U/msb/m/n' will be
(Font)              scaled to size 11.40997pt on input line 4181.
<line.JPG, id=936, 311.66437pt x 309.40594pt>
File: line.JPG Graphic file (type jpg)
<use line.JPG>
Package pdftex.def Info: line.JPG  used on input line 4183.
(pdftex.def)             Requested size: 124.66353pt x 123.76018pt.

Underfull \vbox (badness 10000) has occurred while \output is active []




Package fancyhdr Warning: \headheight is too small (12.0pt): 
(fancyhdr)                Make it at least 14.0pt, for example:
(fancyhdr)                \setlength{\headheight}{14.0pt}.
(fancyhdr)                You might also make \topmargin smaller:
(fancyhdr)                \addtolength{\topmargin}{-2.0pt}.

[66]
<quad.JPG, id=941, 311.66437pt x 304.88907pt>
File: quad.JPG Graphic file (type jpg)
<use quad.JPG>
Package pdftex.def Info: quad.JPG  used on input line 4196.
(pdftex.def)             Requested size: 124.66353pt x 121.95346pt.
<cubic.JPG, id=942, 313.17pt x 308.65312pt>
File: cubic.JPG Graphic file (type jpg)
<use cubic.JPG>
Package pdftex.def Info: cubic.JPG  used on input line 4210.
(pdftex.def)             Requested size: 125.26576pt x 123.45905pt.

Underfull \vbox (badness 3895) has occurred while \output is active []




Package fancyhdr Warning: \headheight is too small (12.0pt): 
(fancyhdr)                Make it at least 14.0pt, for example:
(fancyhdr)                \setlength{\headheight}{14.0pt}.
(fancyhdr)                You might also make \topmargin smaller:
(fancyhdr)                \addtolength{\topmargin}{-2.0pt}.

[67 <./line.JPG> <./quad.JPG>]
<squareroot.JPG, id=950, 312.41719pt x 307.90031pt>
File: squareroot.JPG Graphic file (type jpg)
<use squareroot.JPG>
Package pdftex.def Info: squareroot.JPG  used on input line 4224.
(pdftex.def)             Requested size: 124.96465pt x 123.15793pt.
<cuberoot.JPG, id=951, 307.90031pt x 304.88907pt>
File: cuberoot.JPG Graphic file (type jpg)
<use cuberoot.JPG>
Package pdftex.def Info: cuberoot.JPG  used on input line 4238.
(pdftex.def)             Requested size: 123.15793pt x 121.95346pt.

Underfull \vbox (badness 7203) has occurred while \output is active []




Package fancyhdr Warning: \headheight is too small (12.0pt): 
(fancyhdr)                Make it at least 14.0pt, for example:
(fancyhdr)                \setlength{\headheight}{14.0pt}.
(fancyhdr)                You might also make \topmargin smaller:
(fancyhdr)                \addtolength{\topmargin}{-2.0pt}.

[68 <./cubic.JPG> <./squareroot.JPG>]
<1overx.JPG, id=958, 313.17pt x 310.91156pt>
File: 1overx.JPG Graphic file (type jpg)
<use 1overx.JPG>
Package pdftex.def Info: 1overx.JPG  used on input line 4254.
(pdftex.def)             Requested size: 125.26576pt x 124.36241pt.
<1overx2.JPG, id=959, 315.42844pt x 313.17pt>
File: 1overx2.JPG Graphic file (type jpg)
<use 1overx2.JPG>
Package pdftex.def Info: 1overx2.JPG  used on input line 4268.
(pdftex.def)             Requested size: 126.16913pt x 125.26576pt.

Underfull \vbox (badness 6204) has occurred while \output is active []




Package fancyhdr Warning: \headheight is too small (12.0pt): 
(fancyhdr)                Make it at least 14.0pt, for example:
(fancyhdr)                \setlength{\headheight}{14.0pt}.
(fancyhdr)                You might also make \topmargin smaller:
(fancyhdr)                \addtolength{\topmargin}{-2.0pt}.

[69 <./cuberoot.JPG> <./1overx.JPG>]
<absolutevaluex.JPG, id=966, 307.90031pt x 304.88907pt>
File: absolutevaluex.JPG Graphic file (type jpg)
<use absolutevaluex.JPG>
Package pdftex.def Info: absolutevaluex.JPG  used on input line 4282.
(pdftex.def)             Requested size: 123.15793pt x 121.95346pt.



Package fancyhdr Warning: \headheight is too small (12.0pt): 
(fancyhdr)                Make it at least 14.0pt, for example:
(fancyhdr)                \setlength{\headheight}{14.0pt}.
(fancyhdr)                You might also make \topmargin smaller:
(fancyhdr)                \addtolength{\topmargin}{-2.0pt}.

[70 <./1overx2.JPG> <./absolutevaluex.JPG>]
Underfull \vbox (badness 10000) has occurred while \output is active []




Package fancyhdr Warning: \headheight is too small (12.0pt): 
(fancyhdr)                Make it at least 14.0pt, for example:
(fancyhdr)                \setlength{\headheight}{14.0pt}.
(fancyhdr)                You might also make \topmargin smaller:
(fancyhdr)                \addtolength{\topmargin}{-2.0pt}.

[71]
<trans1.JPG, id=989, 370.38374pt x 345.54094pt>
File: trans1.JPG Graphic file (type jpg)
<use trans1.JPG>
Package pdftex.def Info: trans1.JPG  used on input line 4373.
(pdftex.def)             Requested size: 111.11597pt x 103.66307pt.

Underfull \vbox (badness 1377) has occurred while \output is active []




Package fancyhdr Warning: \headheight is too small (12.0pt): 
(fancyhdr)                Make it at least 14.0pt, for example:
(fancyhdr)                \setlength{\headheight}{14.0pt}.
(fancyhdr)                You might also make \topmargin smaller:
(fancyhdr)                \addtolength{\topmargin}{-2.0pt}.

[72 <./trans1.JPG>]
<piecewise.JPG, id=1003, 595.47469pt x 441.14813pt>
File: piecewise.JPG Graphic file (type jpg)
<use piecewise.JPG>
Package pdftex.def Info: piecewise.JPG  used on input line 4406.
(pdftex.def)             Requested size: 178.64377pt x 132.34546pt.
File: piecewise.JPG Graphic file (type jpg)
<use piecewise.JPG>
Package pdftex.def Info: piecewise.JPG  used on input line 4417.
(pdftex.def)             Requested size: 119.09282pt x 88.22806pt.



Package fancyhdr Warning: \headheight is too small (12.0pt): 
(fancyhdr)                Make it at least 14.0pt, for example:
(fancyhdr)                \setlength{\headheight}{14.0pt}.
(fancyhdr)                You might also make \topmargin smaller:
(fancyhdr)                \addtolength{\topmargin}{-2.0pt}.

[73 <./piecewise.JPG>]
File: warnberg-pre.png Graphic file (type png)
<use warnberg-pre.png>
Package pdftex.def Info: warnberg-pre.png  used on input line 4470.
(pdftex.def)             Requested size: 361.34999pt x 244.85883pt.

Overfull \hbox (49.34999pt too wide) in paragraph at lines 4470--4471
[][]  
 []


Underfull \vbox (badness 2189) has occurred while \output is active []




Package fancyhdr Warning: \headheight is too small (12.0pt): 
(fancyhdr)                Make it at least 14.0pt, for example:
(fancyhdr)                \setlength{\headheight}{14.0pt}.
(fancyhdr)                You might also make \topmargin smaller:
(fancyhdr)                \addtolength{\topmargin}{-2.0pt}.

[74]
<inversefunction.png, id=1023, 636.4578pt x 332.442pt>
File: inversefunction.png Graphic file (type png)
<use inversefunction.png>
Package pdftex.def Info: inversefunction.png  used on input line 4528.
(pdftex.def)             Requested size: 254.5786pt x 132.97444pt.
<Inverse_Function_Graph.png, id=1024, 361.35pt x 361.35pt>
File: Inverse_Function_Graph.png Graphic file (type png)
<use Inverse_Function_Graph.png>
Package pdftex.def Info: Inverse_Function_Graph.png  used on input line 4543.
(pdftex.def)             Requested size: 90.33728pt x 90.33728pt.



Package fancyhdr Warning: \headheight is too small (12.0pt): 
(fancyhdr)                Make it at least 14.0pt, for example:
(fancyhdr)                \setlength{\headheight}{14.0pt}.
(fancyhdr)                You might also make \topmargin smaller:
(fancyhdr)                \addtolength{\topmargin}{-2.0pt}.

[75 <./inversefunction.png>]
<inverse.JPG, id=1035, 511.9125pt x 515.67656pt>
File: inverse.JPG Graphic file (type jpg)
<use inverse.JPG>
Package pdftex.def Info: inverse.JPG  used on input line 4600.
(pdftex.def)             Requested size: 153.57494pt x 154.70415pt.



Package fancyhdr Warning: \headheight is too small (12.0pt): 
(fancyhdr)                Make it at least 14.0pt, for example:
(fancyhdr)                \setlength{\headheight}{14.0pt}.
(fancyhdr)                You might also make \topmargin smaller:
(fancyhdr)                \addtolength{\topmargin}{-2.0pt}.

[76 <./Inverse_Function_Graph.png>]
<warnberg-post.png, id=1055, 625.33624pt x 518.93875pt>
File: warnberg-post.png Graphic file (type png)
<use warnberg-post.png>
Package pdftex.def Info: warnberg-post.png  used on input line 4607.
(pdftex.def)             Requested size: 397.48499pt x 329.86293pt.

Overfull \hbox (85.48499pt too wide) in paragraph at lines 4607--4608
[][]  
 []

<exp1.JPG, id=1056, 477.28313pt x 382.42876pt>
File: exp1.JPG Graphic file (type jpg)
<use exp1.JPG>
Package pdftex.def Info: exp1.JPG  used on input line 4634.
(pdftex.def)             Requested size: 119.32048pt x 95.60695pt.

Underfull \vbox (badness 10000) has occurred while \output is active []




Package fancyhdr Warning: \headheight is too small (12.0pt): 
(fancyhdr)                Make it at least 14.0pt, for example:
(fancyhdr)                \setlength{\headheight}{14.0pt}.
(fancyhdr)                You might also make \topmargin smaller:
(fancyhdr)                \addtolength{\topmargin}{-2.0pt}.

[77 <./inverse.JPG> <./warnberg-post.png>]
<exp2.JPG, id=1062, 482.55281pt x 385.44pt>
File: exp2.JPG Graphic file (type jpg)
<use exp2.JPG>
Package pdftex.def Info: exp2.JPG  used on input line 4639.
(pdftex.def)             Requested size: 120.6379pt x 96.35976pt.



Package fancyhdr Warning: \headheight is too small (12.0pt): 
(fancyhdr)                Make it at least 14.0pt, for example:
(fancyhdr)                \setlength{\headheight}{14.0pt}.
(fancyhdr)                You might also make \topmargin smaller:
(fancyhdr)                \addtolength{\topmargin}{-2.0pt}.

[78 <./exp1.JPG> <./exp2.JPG>]

LaTeX Warning: Marginpar on page 79 moved.

<log2.JPG, id=1070, 487.06969pt x 486.31688pt>
File: log2.JPG Graphic file (type jpg)
<use log2.JPG>
Package pdftex.def Info: log2.JPG  used on input line 4730.
(pdftex.def)             Requested size: 194.82442pt x 194.5233pt.



Package fancyhdr Warning: \headheight is too small (12.0pt): 
(fancyhdr)                Make it at least 14.0pt, for example:
(fancyhdr)                \setlength{\headheight}{14.0pt}.
(fancyhdr)                You might also make \topmargin smaller:
(fancyhdr)                \addtolength{\topmargin}{-2.0pt}.

[79 <./log2.JPG>]
Underfull \hbox (badness 10000) in paragraph at lines 4747--4748
[]\T1/pplj/m/n/10 Do not leave out the word $[]$ and do no leave out the word
 []


Underfull \hbox (badness 10000) in paragraph at lines 4747--4748
[]$\T1/pplj/m/n/10 . The $[]$ is the same $[]$ in Lan-guage Dis-cus-sion []287[
] to re-
 []


Underfull \hbox (badness 10000) in paragraph at lines 4747--4748
\T1/pplj/m/n/10 mind you we have a func-tion (even though the name of the
 []

<circletrick.JPG, id=1085, 284.56313pt x 82.80937pt>
File: circletrick.JPG Graphic file (type jpg)
<use circletrick.JPG>
Package pdftex.def Info: circletrick.JPG  used on input line 4769.
(pdftex.def)             Requested size: 284.56242pt x 82.80916pt.

Overfull \hbox (3.86037pt too wide) in paragraph at lines 4769--4770
 [] 
 []




Package fancyhdr Warning: \headheight is too small (12.0pt): 
(fancyhdr)                Make it at least 14.0pt, for example:
(fancyhdr)                \setlength{\headheight}{14.0pt}.
(fancyhdr)                You might also make \topmargin smaller:
(fancyhdr)                \addtolength{\topmargin}{-2.0pt}.

[80]

LaTeX Warning: Marginpar on page 81 moved.




Package fancyhdr Warning: \headheight is too small (12.0pt): 
(fancyhdr)                Make it at least 14.0pt, for example:
(fancyhdr)                \setlength{\headheight}{14.0pt}.
(fancyhdr)                You might also make \topmargin smaller:
(fancyhdr)                \addtolength{\topmargin}{-2.0pt}.

[81 <./circletrick.JPG>]
Underfull \hbox (badness 10000) in paragraph at lines 4842--4843
[]\T1/pplj/m/n/10 If the orig-i-nal equa-tion had vari-ables in an in-put to an
y log-
 []


Underfull \hbox (badness 10000) in paragraph at lines 4842--4843
\T1/pplj/m/n/10 a-rithm, check to en-sure there are no false so-lu-tions. (Any
 []


Underfull \hbox (badness 10000) in paragraph at lines 4842--4843
\T1/pplj/m/n/10 so-lu-tion which causes us to take the log-a-rithm of $\OT1/ppl
x/m/n/10 0$ \T1/pplj/m/n/10 or neg-a-tive
 []


Underfull \hbox (badness 10000) in paragraph at lines 4842--4843
\T1/pplj/m/n/10 is a false so-lu-tion. This is be-cause the in-put to any log-a
-rithm
 []




Package fancyhdr Warning: \headheight is too small (12.0pt): 
(fancyhdr)                Make it at least 14.0pt, for example:
(fancyhdr)                \setlength{\headheight}{14.0pt}.
(fancyhdr)                You might also make \topmargin smaller:
(fancyhdr)                \addtolength{\topmargin}{-2.0pt}.

[82]

LaTeX Warning: Marginpar on page 83 moved.


LaTeX Warning: Marginpar on page 83 moved.




Package fancyhdr Warning: \headheight is too small (12.0pt): 
(fancyhdr)                Make it at least 14.0pt, for example:
(fancyhdr)                \setlength{\headheight}{14.0pt}.
(fancyhdr)                You might also make \topmargin smaller:
(fancyhdr)                \addtolength{\topmargin}{-2.0pt}.

[83]
Underfull \hbox (badness 10000) in paragraph at lines 4999--5000
\T1/pplj/m/n/10 where $\OML/zplm/m/it/10 n\OT1/zplm/m/n/10 (\OML/zplm/m/it/10 t
\OT1/zplm/m/n/10 )$ \T1/pplj/m/n/10 is the pop-u-la-tion at time $\OML/zplm/m/i
t/10 t$\T1/pplj/m/n/10 , $\OML/zplm/m/it/10 n[]$ \T1/pplj/m/n/10 is the ini-tia
l size of
 []


Underfull \hbox (badness 10000) in paragraph at lines 5003--5004
\T1/pplj/m/n/10 where $\OML/zplm/m/it/10 D[]$ \T1/pplj/m/n/10 is the ini-tial t
em-per-a-ture dif-fer-ence be-tween ob-ject
 []


Underfull \hbox (badness 10000) in paragraph at lines 5003--5004
\T1/pplj/m/n/10 and sur-round-ings, $\OML/zplm/m/it/10 T[]$ \T1/pplj/m/n/10 is 
the tem-per-a-ture of the sur-round-ings, $\OML/zplm/m/it/10 t$
 []


Underfull \vbox (badness 2418) has occurred while \output is active []




Package fancyhdr Warning: \headheight is too small (12.0pt): 
(fancyhdr)                Make it at least 14.0pt, for example:
(fancyhdr)                \setlength{\headheight}{14.0pt}.
(fancyhdr)                You might also make \topmargin smaller:
(fancyhdr)                \addtolength{\topmargin}{-2.0pt}.

[84]


Package fancyhdr Warning: \headheight is too small (12.0pt): 
(fancyhdr)                Make it at least 14.0pt, for example:
(fancyhdr)                \setlength{\headheight}{14.0pt}.
(fancyhdr)                You might also make \topmargin smaller:
(fancyhdr)                \addtolength{\topmargin}{-2.0pt}.

[85]
Overfull \hbox (167.46498pt too wide) in paragraph at lines 5087--5133
 [] 
 []




Package fancyhdr Warning: \headheight is too small (12.0pt): 
(fancyhdr)                Make it at least 14.0pt, for example:
(fancyhdr)                \setlength{\headheight}{14.0pt}.
(fancyhdr)                You might also make \topmargin smaller:
(fancyhdr)                \addtolength{\topmargin}{-2.0pt}.

[86]


Package fancyhdr Warning: \headheight is too small (12.0pt): 
(fancyhdr)                Make it at least 14.0pt, for example:
(fancyhdr)                \setlength{\headheight}{14.0pt}.
(fancyhdr)                You might also make \topmargin smaller:
(fancyhdr)                \addtolength{\topmargin}{-2.0pt}.

[87]

Package bibentry Warning: You have used \nobibliography* 
(bibentry)                without a following \bibliography.
(bibentry)                You may not be able to run BibTeX.




Package fancyhdr Warning: \headheight is too small (12.0pt): 
(fancyhdr)                Make it at least 14.0pt, for example:
(fancyhdr)                \setlength{\headheight}{14.0pt}.
(fancyhdr)                You might also make \topmargin smaller:
(fancyhdr)                \addtolength{\topmargin}{-2.0pt}.

[88] (./mth150-spring2024-course-pack-DELETE-WHEN-IMPORTED.aux
<Reading QR code for "https://www.desmos.com/calculator/b5c6wq2rtp" at level 4-
Q from aux file.>

<Reading QR code for "https://www.desmos.com/calculator/taifhuenas" at level 4-
Q from aux file.>

<Reading QR code for "https://www.desmos.com/calculator/i6svrb0s6u" at level 4-
Q from aux file.>

<Reading QR code for "https://earthobservatory.nasa.gov/features/GlobalWarming/
page2.php" at level 5-M from aux file.>
)
 ***********
LaTeX2e <2024-11-01> patch level 2
L3 programming layer <2025-01-18>
 ***********


LaTeX Font Warning: Size substitutions with differences
(Font)              up to 0.43996pt have occurred.


LaTeX Warning: There were undefined references.


LaTeX Warning: Label(s) may have changed. Rerun to get cross-references right.

Package rerunfilecheck Info: File `mth150-spring2024-course-pack-DELETE-WHEN-IM
PORTED.out' has not changed.
(rerunfilecheck)             Checksum: 64595741B625F6EE6B42BAF569C655DB;3523.
 ) 
Here is how much of TeX's memory you used:
 44671 strings out of 473190
 1014056 string characters out of 5715801
 2051020 words of memory out of 5000000
 66486 multiletter control sequences out of 15000+600000
 654175 words of font info for 232 fonts, out of 8000000 for 9000
 1141 hyphenation exceptions out of 8191
 117i,20n,121p,1625b,2052s stack positions out of 10000i,1000n,20000p,200000b,200000s

pdfTeX warning (dest): name{ekcounter.431} has been referenced but does not exi
st, replaced by a fixed one

</usr/local/texlive/2025/texmf-dist/fonts/type1/public/amsfonts/cm/cmex10.pfb><
/usr/local/texlive/2025/texmf-dist/fonts/type1/public/amsfonts/cm/cmmi10.pfb></
usr/local/texlive/2025/texmf-dist/fonts/type1/public/amsfonts/cm/cmr10.pfb></us
r/local/texlive/2025/texmf-dist/fonts/type1/public/amsfonts/cm/cmsy10.pfb></usr
/local/texlive/2025/texmf-dist/fonts/type1/public/fpl/fplbj8a.pfb></usr/local/t
exlive/2025/texmf-dist/fonts/type1/public/mathpazo/fplmr.pfb></usr/local/texliv
e/2025/texmf-dist/fonts/type1/public/mathpazo/fplmri.pfb></usr/local/texlive/20
25/texmf-dist/fonts/type1/public/fpl/fplrc8a.pfb></usr/local/texlive/2025/texmf
-dist/fonts/type1/public/fpl/fplrij8a.pfb></usr/local/texlive/2025/texmf-dist/f
onts/type1/public/bera/fvmr8a.pfb></usr/local/texlive/2025/texmf-dist/fonts/typ
e1/public/amsfonts/latxfont/line10.pfb></usr/local/texlive/2025/texmf-dist/font
s/type1/urw/palatino/uplb8a.pfb></usr/local/texlive/2025/texmf-dist/fonts/type1
/urw/palatino/uplr8a.pfb></usr/local/texlive/2025/texmf-dist/fonts/type1/urw/pa
latino/uplri8a.pfb>
Output written on mth150-spring2024-course-pack-DELETE-WHEN-IMPORTED.pdf (88 pa
ges, 1558034 bytes).
PDF statistics:
 1357 PDF objects out of 1440 (max. 8388607)
 1140 compressed objects within 12 object streams
 594 named destinations out of 1000 (max. 500000)
 13775 words of extra memory for PDF output out of 14400 (max. 10000000)

